[
{
  "model": "auth.group",
  "fields": {
    "name": "common",
    "permissions": []
  }
},
{
  "model": "auth.group",
  "fields": {
    "name": "authors",
    "permissions": [
      [
        "add_post",
        "newstrueapp",
        "post"
      ],
      [
        "change_post",
        "newstrueapp",
        "post"
      ]
    ]
  }
},
{
  "model": "auth.user",
  "fields": {
    "password": "!MCcScLqtTWXrbRLRK7sCKIFwh9fknbsZUiMYy6r6",
    "last_login": null,
    "is_superuser": false,
    "username": "Alexander",
    "first_name": "",
    "last_name": "",
    "email": "Al@mail.ru",
    "is_staff": false,
    "is_active": true,
    "date_joined": "2023-01-23T12:39:07.229",
    "groups": [],
    "user_permissions": []
  }
},
{
  "model": "auth.user",
  "fields": {
    "password": "!YhGRb79XriHoYCEhZ6IYygu2WaQ3BaK16AuclVGo",
    "last_login": null,
    "is_superuser": false,
    "username": "Nina",
    "first_name": "",
    "last_name": "",
    "email": "Nina@mail.ru",
    "is_staff": false,
    "is_active": true,
    "date_joined": "2023-01-23T12:40:32.132",
    "groups": [],
    "user_permissions": []
  }
},
{
  "model": "auth.user",
  "fields": {
    "password": "pbkdf2_sha256$390000$MEBsNvCd4WK8T3pOSXjbLY$P5LmxzCmjuBBo7en+eGj5l34K5SL1IDsGemVmWdeMdQ=",
    "last_login": "2023-02-16T15:16:18.867",
    "is_superuser": true,
    "username": "admin",
    "first_name": "",
    "last_name": "",
    "email": "verika_iz_virgo@mail.ru",
    "is_staff": true,
    "is_active": true,
    "date_joined": "2023-01-24T17:24:46",
    "groups": [
      [
        "authors"
      ]
    ],
    "user_permissions": []
  }
},
{
  "model": "auth.user",
  "fields": {
    "password": "pbkdf2_sha256$390000$PFZDXBT1bC9AmAFrZk4z1R$lzUSj6+FJPYkrpWlziFZJa+F3DL8IxSPTyj3lCDORr4=",
    "last_login": "2023-01-28T11:48:58.671",
    "is_superuser": true,
    "username": "admin_test",
    "first_name": "",
    "last_name": "",
    "email": "",
    "is_staff": true,
    "is_active": true,
    "date_joined": "2023-01-28T11:44:53.734",
    "groups": [],
    "user_permissions": []
  }
},
{
  "model": "auth.user",
  "fields": {
    "password": "pbkdf2_sha256$390000$kGDA9VKe7ysBoidvexnQK7$XtlMu75r1joE7P50UljvcHp6FSwuYcKm4qLWUpgzQac=",
    "last_login": "2023-01-28T14:14:00.845",
    "is_superuser": false,
    "username": "alala",
    "first_name": "",
    "last_name": "",
    "email": "alala@mail.ru",
    "is_staff": false,
    "is_active": true,
    "date_joined": "2023-01-28T14:14:00.708",
    "groups": [
      [
        "common"
      ]
    ],
    "user_permissions": []
  }
},
{
  "model": "auth.user",
  "fields": {
    "password": "pbkdf2_sha256$390000$JclMFcxbOWnOiRlQKUTiSp$flQdkL+OYV/2se8mRTHyS/kGTR2oLsUCqBOMdumEjzU=",
    "last_login": "2023-02-16T13:53:48.490",
    "is_superuser": false,
    "username": "verika_iz_virgo",
    "first_name": "",
    "last_name": "",
    "email": "verika_iz_virgo@mail.ru",
    "is_staff": false,
    "is_active": true,
    "date_joined": "2023-02-12T18:21:27.843",
    "groups": [
      [
        "common"
      ],
      [
        "authors"
      ]
    ],
    "user_permissions": []
  }
},
{
  "model": "auth.user",
  "fields": {
    "password": "pbkdf2_sha256$390000$59B7PB7ruYeTBu6qJRDUI9$fYgfl2l4+8W6HBLl0c6zXT3no6mLXB7WogN4Rwg3qeg=",
    "last_login": "2023-02-15T16:58:37.630",
    "is_superuser": false,
    "username": "marina.prosche",
    "first_name": "",
    "last_name": "",
    "email": "marina.prosche@mail.ru",
    "is_staff": false,
    "is_active": true,
    "date_joined": "2023-02-12T18:22:47.826",
    "groups": [
      [
        "common"
      ]
    ],
    "user_permissions": []
  }
},
{
  "model": "auth.user",
  "fields": {
    "password": "pbkdf2_sha256$390000$6wz7d87b7aVc2sphrYPMoH$GGP9BpRDmWeemO4wzRzEXQ/aeG23Bz+tTRB7cNA8ELE=",
    "last_login": null,
    "is_superuser": false,
    "username": "marinaprosche",
    "first_name": "",
    "last_name": "",
    "email": "marinaprosche@yandex.ru",
    "is_staff": false,
    "is_active": true,
    "date_joined": "2023-02-16T09:44:56.114",
    "groups": [
      [
        "common"
      ]
    ],
    "user_permissions": []
  }
},
{
  "model": "sessions.session",
  "pk": "lz9k5rcr8zfpzchqfo9gpg1pijatg0cv",
  "fields": {
    "session_data": ".eJxVjEEOwiAQRe_C2hAEhOLSvWdoZpgZqRpISrsy3l2bdKHb_977LzXCupRx7TyPE6mziurwuyHkB9cN0B3qrenc6jJPqDdF77TrayN-Xnb376BAL98aGU8hWB8dG5OMjQktRONoEJYUMIBkJI_swtEHdEIg1oGPMFCiJOr9AexeOJ8:1pSfze:dgZCxqOIzfGlFhL3835FJCRwdEffdeNS1b8155hp3Q4",
    "expire_date": "2023-03-02T15:16:18.881"
  }
},
{
  "model": "sites.site",
  "fields": {
    "domain": "127.0.0.1",
    "name": "example.com"
  }
},
{
  "model": "account.emailaddress",
  "pk": 1,
  "fields": {
    "user": [
      "alala"
    ],
    "email": "alala@mail.ru",
    "verified": false,
    "primary": true
  }
},
{
  "model": "account.emailaddress",
  "pk": 13,
  "fields": {
    "user": [
      "verika_iz_virgo"
    ],
    "email": "verika_iz_virgo@mail.ru",
    "verified": true,
    "primary": true
  }
},
{
  "model": "account.emailaddress",
  "pk": 14,
  "fields": {
    "user": [
      "marina.prosche"
    ],
    "email": "marina.prosche@mail.ru",
    "verified": true,
    "primary": true
  }
},
{
  "model": "account.emailaddress",
  "pk": 15,
  "fields": {
    "user": [
      "marinaprosche"
    ],
    "email": "marinaprosche@yandex.ru",
    "verified": true,
    "primary": true
  }
},
{
  "model": "newstrueapp.author",
  "pk": 1,
  "fields": {
    "rating_author": 10,
    "user": [
      "Alexander"
    ]
  }
},
{
  "model": "newstrueapp.author",
  "pk": 2,
  "fields": {
    "rating_author": 17,
    "user": [
      "Nina"
    ]
  }
},
{
  "model": "newstrueapp.author",
  "pk": 3,
  "fields": {
    "rating_author": 0,
    "user": [
      "admin"
    ]
  }
},
{
  "model": "newstrueapp.cathegory",
  "pk": 1,
  "fields": {
    "cathegory_name": "sport"
  }
},
{
  "model": "newstrueapp.cathegory",
  "pk": 2,
  "fields": {
    "cathegory_name": "nature"
  }
},
{
  "model": "newstrueapp.cathegory",
  "pk": 3,
  "fields": {
    "cathegory_name": "beauty"
  }
},
{
  "model": "newstrueapp.cathegory",
  "pk": 4,
  "fields": {
    "cathegory_name": "music"
  }
},
{
  "model": "newstrueapp.subscriberscathegory",
  "pk": 3,
  "fields": {
    "subscribers": [
      "admin"
    ],
    "cathegory": 3
  }
},
{
  "model": "newstrueapp.subscriberscathegory",
  "pk": 4,
  "fields": {
    "subscribers": [
      "verika_iz_virgo"
    ],
    "cathegory": 1
  }
},
{
  "model": "newstrueapp.subscriberscathegory",
  "pk": 5,
  "fields": {
    "subscribers": [
      "admin"
    ],
    "cathegory": 4
  }
},
{
  "model": "newstrueapp.subscriberscathegory",
  "pk": 6,
  "fields": {
    "subscribers": [
      "marina.prosche"
    ],
    "cathegory": 1
  }
},
{
  "model": "newstrueapp.subscriberscathegory",
  "pk": 7,
  "fields": {
    "subscribers": [
      "marina.prosche"
    ],
    "cathegory": 3
  }
},
{
  "model": "newstrueapp.subscriberscathegory",
  "pk": 8,
  "fields": {
    "subscribers": [
      "marina.prosche"
    ],
    "cathegory": 2
  }
},
{
  "model": "newstrueapp.subscriberscathegory",
  "pk": 10,
  "fields": {
    "subscribers": [
      "admin"
    ],
    "cathegory": 1
  }
},
{
  "model": "newstrueapp.post",
  "pk": 1,
  "fields": {
    "date_post": "2023-01-23T13:38:42.110",
    "head_post": "my plans",
    "text_post": "Сегодня я собираюсь играть в футбол с друзьями.",
    "rating_post": 2,
    "type_post": "article",
    "author": 1
  }
},
{
  "model": "newstrueapp.post",
  "pk": 2,
  "fields": {
    "date_post": "2023-01-23T13:42:04.944",
    "head_post": "винтажная мода",
    "text_post": "Последнее время винтажная мода становится все популярнее. На аукционах продаются старинные сумки шанель, а молодежь одевается на праздничные мероприятия на раныках.",
    "rating_post": 1,
    "type_post": "article",
    "author": 2
  }
},
{
  "model": "newstrueapp.post",
  "pk": 4,
  "fields": {
    "date_post": "2023-01-27T16:45:11.374",
    "head_post": "Коты",
    "text_post": "Коты - странные существа, я всегда это подозревал.",
    "rating_post": 0,
    "type_post": "News",
    "author": 1
  }
},
{
  "model": "newstrueapp.post",
  "pk": 7,
  "fields": {
    "date_post": "2023-01-27T17:29:48.349",
    "head_post": "ох уж эти кошки",
    "text_post": "Я завел кота, и он в первый же день разбил все мои цветы. Мне кажется, что я не создан для ухаживания за животными. Блин!",
    "rating_post": 0,
    "type_post": "News",
    "author": 1
  }
},
{
  "model": "newstrueapp.post",
  "pk": 8,
  "fields": {
    "date_post": "2023-01-27T20:05:14.822",
    "head_post": "Полночь",
    "text_post": "Астрономия - наука о звездах.\r\nВ следующем году будет солнечное затмение. В разных частях света оно будет разным.",
    "rating_post": 0,
    "type_post": "News",
    "author": 2
  }
},
{
  "model": "newstrueapp.post",
  "pk": 9,
  "fields": {
    "date_post": "2023-01-28T10:25:49.558",
    "head_post": "Регби",
    "text_post": "Регби - очень травмоопасный вид спорта.",
    "rating_post": 0,
    "type_post": "News",
    "author": 1
  }
},
{
  "model": "newstrueapp.post",
  "pk": 10,
  "fields": {
    "date_post": "2023-02-10T18:25:30.938",
    "head_post": "",
    "text_post": "advadfvafdvafdvafdvafdvafdv",
    "rating_post": 0,
    "type_post": "article",
    "author": 1
  }
},
{
  "model": "newstrueapp.post",
  "pk": 11,
  "fields": {
    "date_post": "2023-02-10T18:27:07.376",
    "head_post": "",
    "text_post": "adsvafdvadfvadfvafdv",
    "rating_post": 0,
    "type_post": "article",
    "author": 1
  }
},
{
  "model": "newstrueapp.post",
  "pk": 12,
  "fields": {
    "date_post": "2023-02-10T18:29:06.083",
    "head_post": "",
    "text_post": "afdvafdvadfvadfvafdv",
    "rating_post": 0,
    "type_post": "news",
    "author": 1
  }
},
{
  "model": "newstrueapp.post",
  "pk": 13,
  "fields": {
    "date_post": "2023-02-10T18:29:25.393",
    "head_post": "",
    "text_post": "kljvkhgchteszryehzxjyktvgljk",
    "rating_post": 0,
    "type_post": "article",
    "author": 1
  }
},
{
  "model": "newstrueapp.post",
  "pk": 14,
  "fields": {
    "date_post": "2023-02-10T18:30:47.199",
    "head_post": "",
    "text_post": "afdvafdvadfvafdvl;KEND;LKADFV",
    "rating_post": 0,
    "type_post": "article",
    "author": 1
  }
},
{
  "model": "newstrueapp.post",
  "pk": 15,
  "fields": {
    "date_post": "2023-02-10T18:44:07.192",
    "head_post": "2023-02-10 18:30:47.199389+00:00",
    "text_post": "fdlkvhjbasldjvblasdjvblsajdbvjskd",
    "rating_post": 0,
    "type_post": "article",
    "author": 1
  }
},
{
  "model": "newstrueapp.post",
  "pk": 16,
  "fields": {
    "date_post": "2023-02-10T18:46:13.953",
    "head_post": "2023-02-10 18:44:07.192870+00:00",
    "text_post": "kgfkyfgkluhnl;nlibkuytvlvlibjk",
    "rating_post": 0,
    "type_post": "article",
    "author": 2
  }
},
{
  "model": "newstrueapp.post",
  "pk": 17,
  "fields": {
    "date_post": "2023-02-10T18:50:36.709",
    "head_post": "2023-02-10 21:50:36.708045",
    "text_post": "aldfkjvbkajdbvlajdbvlakjdvblkajdf",
    "rating_post": 0,
    "type_post": "article",
    "author": 1
  }
},
{
  "model": "newstrueapp.post",
  "pk": 18,
  "fields": {
    "date_post": "2023-02-11T09:39:32.377",
    "head_post": "2023-02-11 12:39:32.377837",
    "text_post": "Привет я снова тут в африке тут клево",
    "rating_post": 0,
    "type_post": "article",
    "author": 2
  }
},
{
  "model": "newstrueapp.post",
  "pk": 19,
  "fields": {
    "date_post": "2023-02-11T11:06:40.985",
    "head_post": "sdfbsfbsg",
    "text_post": "lksjfdvbladjfdvblkadjfvblkajdf",
    "rating_post": 0,
    "type_post": "news",
    "author": 1
  }
},
{
  "model": "newstrueapp.post",
  "pk": 20,
  "fields": {
    "date_post": "2023-02-11T16:29:59.284",
    "head_post": "Тест",
    "text_post": "Тест-1 с посткатегорией пппппппппп",
    "rating_post": 0,
    "type_post": "article",
    "author": 1
  }
},
{
  "model": "newstrueapp.post",
  "pk": 21,
  "fields": {
    "date_post": "2023-02-13T12:17:09.518",
    "head_post": "проверка кнопки",
    "text_post": "проверка кнопки для подписччиков\r\nИ адреса заодно",
    "rating_post": 0,
    "type_post": "article",
    "author": 2
  }
},
{
  "model": "newstrueapp.post",
  "pk": 22,
  "fields": {
    "date_post": "2023-02-13T13:55:31.292",
    "head_post": "проверка-2",
    "text_post": "Проверить пост два два два",
    "rating_post": 0,
    "type_post": "news",
    "author": 1
  }
},
{
  "model": "newstrueapp.post",
  "pk": 23,
  "fields": {
    "date_post": "2023-02-14T12:51:00.296",
    "head_post": "ahdcbclajdbcljafdbldf",
    "text_post": "adchbqfdfcbdflcbldfcnlefjcnifujk",
    "rating_post": 0,
    "type_post": "article",
    "author": 1
  }
},
{
  "model": "newstrueapp.post",
  "pk": 24,
  "fields": {
    "date_post": "2023-02-14T12:51:28.958",
    "head_post": "kjfdhbejcbhliejdcb",
    "text_post": "flijvuoiuvvhliaufdvbliuafdnvliufv",
    "rating_post": 0,
    "type_post": "article",
    "author": 1
  }
},
{
  "model": "newstrueapp.post",
  "pk": 25,
  "fields": {
    "date_post": "2023-02-14T12:52:10.855",
    "head_post": "adlkjvblakjdfvblajfdv",
    "text_post": "adlhvvbaojdlvblajfdvbjladvbkjafdajd",
    "rating_post": 0,
    "type_post": "article",
    "author": 1
  }
},
{
  "model": "newstrueapp.post",
  "pk": 26,
  "fields": {
    "date_post": "2023-02-14T13:04:48.250",
    "head_post": "adclkjabdljadbvlvjq",
    "text_post": "aldvibhajdvbcladbliaduvbavbnailuvnliadvnlifnvliafv",
    "rating_post": 0,
    "type_post": "article",
    "author": 1
  }
},
{
  "model": "newstrueapp.post",
  "pk": 27,
  "fields": {
    "date_post": "2023-02-14T13:12:29.851",
    "head_post": "дфошавмидфловатдфлоавм",
    "text_post": "фавлвмроифдвомидфоидимдофвмидофывстфдавломтдфшвоамидофвамидфоамифдшывмосит фдшвмсгт",
    "rating_post": 0,
    "type_post": "article",
    "author": 1
  }
},
{
  "model": "newstrueapp.post",
  "pk": 28,
  "fields": {
    "date_post": "2023-02-14T13:13:06.634",
    "head_post": "dafvadsvlkhjahbdvivuandivuj",
    "text_post": "adflvhbaldjvblakfdjfvnalsjdcvnaslkdjcnalsdvnalisuvnuvbnalifd",
    "rating_post": 0,
    "type_post": "article",
    "author": 1
  }
},
{
  "model": "newstrueapp.post",
  "pk": 29,
  "fields": {
    "date_post": "2023-02-14T13:15:39.155",
    "head_post": "dafvadsvlkhjahbdvivuandivuj",
    "text_post": "adflvhbaldjvblakfdjfvnalsjdcvnaslkdjcnalsdvnalisuvnuvbnalifd",
    "rating_post": 0,
    "type_post": "article",
    "author": 1
  }
},
{
  "model": "newstrueapp.post",
  "pk": 30,
  "fields": {
    "date_post": "2023-02-14T13:16:04.820",
    "head_post": "ldkvjbadsccbladvcbliajdf",
    "text_post": "adlkfvhbaidslvubhailudvncoa;fdivnailufvnalifuvnhailfuvnlaiufjkd",
    "rating_post": 0,
    "type_post": "article",
    "author": 1
  }
},
{
  "model": "newstrueapp.post",
  "pk": 31,
  "fields": {
    "date_post": "2023-02-14T13:16:33.157",
    "head_post": "advlkjbadldvkjbalkjvblajkfdv",
    "text_post": "adlvhbaidcblaisdvblajfdvblajfdvnlakdsvnlakuvnalifdsvc",
    "rating_post": 0,
    "type_post": "article",
    "author": 1
  }
},
{
  "model": "newstrueapp.post",
  "pk": 32,
  "fields": {
    "date_post": "2023-02-14T13:17:13.144",
    "head_post": "aflkvjbalfdivubalifduvbladifuvnjka",
    "text_post": ";kdvjbalksdjcbl;aidvnl;iauvhnlaiduvhnliafuvblaiufdv",
    "rating_post": 0,
    "type_post": "article",
    "author": 1
  }
},
{
  "model": "newstrueapp.post",
  "pk": 33,
  "fields": {
    "date_post": "2023-02-14T13:18:08.729",
    "head_post": "dslkvkjbakdvbulaufvnafdv",
    "text_post": "fdvoialvblacbascnliasuncvdlkjvblkbjsvbljasdbvaludvblaivndf",
    "rating_post": 0,
    "type_post": "article",
    "author": 1
  }
},
{
  "model": "newstrueapp.post",
  "pk": 34,
  "fields": {
    "date_post": "2023-02-14T13:20:02.982",
    "head_post": "дшадфовидфшгшдфвг",
    "text_post": "гыидашмгифдшкмтдшвгмтдфваотмдшфвагмртдшавгмидваямиядаломв",
    "rating_post": 0,
    "type_post": "article",
    "author": 1
  }
},
{
  "model": "newstrueapp.post",
  "pk": 35,
  "fields": {
    "date_post": "2023-02-14T13:21:38.095",
    "head_post": "длдвопфлвам",
    "text_post": "фвдлпфщшвмгмрфщшвгвмрфдшвагамрдшфвгмтрдшфвгмтд",
    "rating_post": 0,
    "type_post": "article",
    "author": 1
  }
},
{
  "model": "newstrueapp.post",
  "pk": 36,
  "fields": {
    "date_post": "2023-02-14T13:25:21.310",
    "head_post": "sadclkjbaldsckjad",
    "text_post": "adojcbadsijcnlasdsjcnlasjdcnlkajvnlkajvnlkadjcnlaksdjvnaljdkv",
    "rating_post": 0,
    "type_post": "article",
    "author": 1
  }
},
{
  "model": "newstrueapp.post",
  "pk": 37,
  "fields": {
    "date_post": "2023-02-14T13:26:59.759",
    "head_post": "asdvdjhvadsjkchbjkadscadsv",
    "text_post": "adjcjhbakcblacnlkacnlkajdscnlkajcnlaskjdcnlkasjdcnlacblasdjk",
    "rating_post": 0,
    "type_post": "article",
    "author": 1
  }
},
{
  "model": "newstrueapp.post",
  "pk": 38,
  "fields": {
    "date_post": "2023-02-14T13:28:26.014",
    "head_post": "asdlkvjbajfv",
    "text_post": "advlkjabdsvljabdlfvjknalkvjnalkdjvcnalkdjvnlakjfd",
    "rating_post": 0,
    "type_post": "article",
    "author": 1
  }
},
{
  "model": "newstrueapp.post",
  "pk": 39,
  "fields": {
    "date_post": "2023-02-14T13:29:59.359",
    "head_post": "advadschjbakjsdcbkajdsvafv",
    "text_post": "advoihabsdvcjhbaskfjvbakjsdvblaisdjvnlvblafv",
    "rating_post": 0,
    "type_post": "article",
    "author": 1
  }
},
{
  "model": "newstrueapp.post",
  "pk": 40,
  "fields": {
    "date_post": "2023-02-14T13:36:30.667",
    "head_post": "asdvljavbajfdlvblaf.sdv",
    "text_post": "asdjvhgadhvblaifunliafduvhbjkadfvbcialdukbadufyvbukadfv",
    "rating_post": 0,
    "type_post": "article",
    "author": 1
  }
},
{
  "model": "newstrueapp.post",
  "pk": 41,
  "fields": {
    "date_post": "2023-02-14T13:53:13.747",
    "head_post": "sfbadklfvjnavjlkadfjvnlakdfjvn",
    "text_post": "advijbflkadfvbliauvhnliasdvnhliadfvnlkadfvnldfvnlfulfdv",
    "rating_post": 0,
    "type_post": "article",
    "author": 1
  }
},
{
  "model": "newstrueapp.post",
  "pk": 42,
  "fields": {
    "date_post": "2023-02-14T13:53:57.747",
    "head_post": "sdvasdvasdvafvadfvadfv",
    "text_post": "advdadsv,asjdbvlakjvnlaidnuvflfliadnvliajdfnvljiadfvnlakdfvnladifjk",
    "rating_post": 0,
    "type_post": "article",
    "author": 1
  }
},
{
  "model": "newstrueapp.post",
  "pk": 43,
  "fields": {
    "date_post": "2023-02-14T13:55:05.255",
    "head_post": "ajdvhbjadvhbladfv",
    "text_post": "afdvkjdfvblifduvnldfjvnldfkvnlfdjvnlfnlfdnvjkdfnvjkdfnvljkfdv",
    "rating_post": 0,
    "type_post": "article",
    "author": 1
  }
},
{
  "model": "newstrueapp.post",
  "pk": 44,
  "fields": {
    "date_post": "2023-02-14T13:56:15.059",
    "head_post": "advkjhavjhbkjafdv",
    "text_post": "adsvclakdsjvblaksjbvlaksjvbdjlasvbjklascblakjsdcnlcioa;ifd",
    "rating_post": 0,
    "type_post": "article",
    "author": 1
  }
},
{
  "model": "newstrueapp.post",
  "pk": 45,
  "fields": {
    "date_post": "2023-02-14T13:56:41.371",
    "head_post": "afdvkjadnjknfdlvkjadnvlkjdfnv",
    "text_post": "fvladjfvnlkajfdvnlakjfvn;akjvnlkajdvblajfvnlkcnmlkfzxc",
    "rating_post": 0,
    "type_post": "article",
    "author": 1
  }
},
{
  "model": "newstrueapp.post",
  "pk": 46,
  "fields": {
    "date_post": "2023-02-14T13:57:02.882",
    "head_post": "adlkvcjbadljkvbladdf",
    "text_post": "advcjabsdlciujcimo;asidvmkkafdjliafduvjinvhaipudsjd;coiamufdvndshazxfcjaois;dk",
    "rating_post": 0,
    "type_post": "article",
    "author": 1
  }
},
{
  "model": "newstrueapp.post",
  "pk": 47,
  "fields": {
    "date_post": "2023-02-14T13:58:23.710",
    "head_post": "f",
    "text_post": "fafvkafkdjvnj;aidfvn; idfjkvn liudxvncl ifd",
    "rating_post": 0,
    "type_post": "article",
    "author": 1
  }
},
{
  "model": "newstrueapp.post",
  "pk": 48,
  "fields": {
    "date_post": "2023-02-14T14:00:19.646",
    "head_post": "afdkvjalkfjvafd",
    "text_post": "fdlkvjbalkfdfjvnlkadjfvnlkadfjalkdjfvlakjfvblakjdfvnlkafjvnlkjaf",
    "rating_post": 0,
    "type_post": "article",
    "author": 1
  }
},
{
  "model": "newstrueapp.post",
  "pk": 49,
  "fields": {
    "date_post": "2023-02-14T14:07:17.954",
    "head_post": "sddfbsfdbsdfb",
    "text_post": "fbfgbfsgbfgbfgxbzfcbzdgfbsgnbzgngfznzgv",
    "rating_post": 0,
    "type_post": "article",
    "author": 1
  }
},
{
  "model": "newstrueapp.post",
  "pk": 50,
  "fields": {
    "date_post": "2023-02-14T14:22:37.991",
    "head_post": "lkhjvbajdfvad",
    "text_post": "advlkajbdvajkvnlakdfjvbjavblafjdv",
    "rating_post": 0,
    "type_post": "article",
    "author": 1
  }
},
{
  "model": "newstrueapp.post",
  "pk": 51,
  "fields": {
    "date_post": "2023-02-14T14:24:18.230",
    "head_post": "wvfasdvafv",
    "text_post": "afvadfvsdfvasdxcfvsfdvsdfvsfgdbvfzvafsd g v",
    "rating_post": 0,
    "type_post": "article",
    "author": 1
  }
},
{
  "model": "newstrueapp.post",
  "pk": 52,
  "fields": {
    "date_post": "2023-02-14T14:25:44.649",
    "head_post": "sdvcafvafv",
    "text_post": "afvalfjvbalcaisduncliaualidufvblaiusdbclkaufvblaivnadf",
    "rating_post": 0,
    "type_post": "article",
    "author": 1
  }
},
{
  "model": "newstrueapp.post",
  "pk": 53,
  "fields": {
    "date_post": "2023-02-14T14:28:55.160",
    "head_post": "wfvsfv",
    "text_post": "sfvfdvsgbvsgbsgbsgbsgdbsdgbsdfvsdfvsxzf",
    "rating_post": 0,
    "type_post": "news",
    "author": 2
  }
},
{
  "model": "newstrueapp.post",
  "pk": 54,
  "fields": {
    "date_post": "2023-02-14T14:31:24.040",
    "head_post": "sgbsgbsfgbsgfbsgbsgb",
    "text_post": "sgbsgfbsgfbsfgbsfgbsgfbsgbsgbsgb",
    "rating_post": 0,
    "type_post": "article",
    "author": 1
  }
},
{
  "model": "newstrueapp.post",
  "pk": 55,
  "fields": {
    "date_post": "2023-02-14T14:33:31.664",
    "head_post": "advafdvafdvaf",
    "text_post": "adfvafdvfdbvafdbafdbfdbadfbadfbdabfzfbz",
    "rating_post": 0,
    "type_post": "article",
    "author": 1
  }
},
{
  "model": "newstrueapp.post",
  "pk": 56,
  "fields": {
    "date_post": "2023-02-14T14:35:31.369",
    "head_post": "cxvFvFvFvFVSDvDvsDx",
    "text_post": "DFBZDFBZDGFZDBFZDBGZFGBV ZGFCVsgfbsdbffdbdfb",
    "rating_post": 0,
    "type_post": "article",
    "author": 2
  }
},
{
  "model": "newstrueapp.post",
  "pk": 57,
  "fields": {
    "date_post": "2023-02-14T14:49:18.737",
    "head_post": "afdfvafvafvafv",
    "text_post": "afvafdvadfvafdvafdvafdvafdvafdv",
    "rating_post": 0,
    "type_post": "article",
    "author": 1
  }
},
{
  "model": "newstrueapp.post",
  "pk": 58,
  "fields": {
    "date_post": "2023-02-15T07:43:32.440",
    "head_post": "afdvadvafvafvafdvafvafv",
    "text_post": "addvadfvsdfvavfadvadfvafvafvafdvafdvafv",
    "rating_post": 0,
    "type_post": "article",
    "author": 1
  }
},
{
  "model": "newstrueapp.post",
  "pk": 59,
  "fields": {
    "date_post": "2023-02-15T08:06:48.604",
    "head_post": "d adjdh ajdchcbaljdscnljadsc",
    "text_post": "adcjahdbckasudcbladsjcnlajkdsbhcjkavbkajdx",
    "rating_post": 0,
    "type_post": "article",
    "author": 1
  }
},
{
  "model": "newstrueapp.post",
  "pk": 60,
  "fields": {
    "date_post": "2023-02-15T08:07:33.516",
    "head_post": "afvafdvafvafvafd",
    "text_post": "afvafdvadfvadfvadfvadfvafvadvardvfav",
    "rating_post": 0,
    "type_post": "article",
    "author": 1
  }
},
{
  "model": "newstrueapp.post",
  "pk": 61,
  "fields": {
    "date_post": "2023-02-15T08:11:20.033",
    "head_post": "afvavafvafv",
    "text_post": "afvafdvadfvafdvavafvafvafv",
    "rating_post": 0,
    "type_post": "article",
    "author": 1
  }
},
{
  "model": "newstrueapp.post",
  "pk": 62,
  "fields": {
    "date_post": "2023-02-15T08:34:07.426",
    "head_post": "afvkhjabvljaubhvlniufvn",
    "text_post": "aflvhbaldjvubaliuvnlaifdunvladfnuvlajkfvlajfd",
    "rating_post": 0,
    "type_post": "news",
    "author": 1
  }
},
{
  "model": "newstrueapp.post",
  "pk": 63,
  "fields": {
    "date_post": "2023-02-15T08:34:55.335",
    "head_post": "avafvadfvafdvafdvafvadf",
    "text_post": "afdvadfvdfvdfvadfvadfvafvafvafv",
    "rating_post": 0,
    "type_post": "news",
    "author": 1
  }
},
{
  "model": "newstrueapp.post",
  "pk": 64,
  "fields": {
    "date_post": "2023-02-15T08:43:55.429",
    "head_post": "afdbabadfbafdb",
    "text_post": "afdbadbadbadfbdzfbzdfbdab",
    "rating_post": 0,
    "type_post": "news",
    "author": 1
  }
},
{
  "model": "newstrueapp.post",
  "pk": 65,
  "fields": {
    "date_post": "2023-02-15T08:48:35.107",
    "head_post": "afdvafdvlkakjfdvbailujvnlfkv",
    "text_post": "advjavbajvbladvbhlaidvnlaidfvnuliadfkv",
    "rating_post": 0,
    "type_post": "article",
    "author": 2
  }
},
{
  "model": "newstrueapp.post",
  "pk": 66,
  "fields": {
    "date_post": "2023-02-15T10:28:53.049",
    "head_post": "afvafv,jhafbvkja",
    "text_post": "adicvcygadluvbhladfiuvbvulaiuvbalfuv",
    "rating_post": 0,
    "type_post": "article",
    "author": 1
  }
},
{
  "model": "newstrueapp.post",
  "pk": 67,
  "fields": {
    "date_post": "2023-02-15T10:45:19.479",
    "head_post": "fvafvafvafvfvfv",
    "text_post": "afvafdvafdvafdvafdvafvafvafvafv",
    "rating_post": 0,
    "type_post": "article",
    "author": 1
  }
},
{
  "model": "newstrueapp.post",
  "pk": 68,
  "fields": {
    "date_post": "2023-02-15T16:54:34.024",
    "head_post": "фавмфавмфавмфавм",
    "text_post": "фавмфвамфвамфвамфвамфавмфвамфвамаф",
    "rating_post": 0,
    "type_post": "article",
    "author": 1
  }
},
{
  "model": "newstrueapp.post",
  "pk": 69,
  "fields": {
    "date_post": "2023-02-15T19:09:27.720",
    "head_post": "avadfvafdvafdv",
    "text_post": "afdvadfvadfvadfvafdvafdvafdvafvafdvadfvadfv",
    "rating_post": 0,
    "type_post": "article",
    "author": 2
  }
},
{
  "model": "newstrueapp.post",
  "pk": 70,
  "fields": {
    "date_post": "2023-02-15T19:09:52.161",
    "head_post": "advavavafvafd afdcadcafdv",
    "text_post": "advafdvafvafvafvadvafvadfvdfvadfcaesravrafvafdvafdvafv",
    "rating_post": 0,
    "type_post": "article",
    "author": 2
  }
},
{
  "model": "newstrueapp.post",
  "pk": 71,
  "fields": {
    "date_post": "2023-02-15T19:13:53.537",
    "head_post": "af vadfvadfvafvafdv",
    "text_post": "afdvadfvadfvsdafvadfvafvadfvafvafv",
    "rating_post": 0,
    "type_post": "article",
    "author": 1
  }
},
{
  "model": "newstrueapp.post",
  "pk": 72,
  "fields": {
    "date_post": "2023-02-15T19:51:28.365",
    "head_post": "afdfvabkuvyaruvdfyav",
    "text_post": "asdvluaysvgdcauysbdvfnliaudfvalidufvbladfjv",
    "rating_post": 0,
    "type_post": "article",
    "author": 1
  }
},
{
  "model": "newstrueapp.post",
  "pk": 73,
  "fields": {
    "date_post": "2023-02-15T19:52:09.685",
    "head_post": "advjgbaldivnulaifdkv",
    "text_post": "fdljavbhaudvblaifuvbliadfublaidfvbalidfv",
    "rating_post": 0,
    "type_post": "article",
    "author": 1
  }
},
{
  "model": "newstrueapp.post",
  "pk": 74,
  "fields": {
    "date_post": "2023-02-15T20:04:29.459",
    "head_post": "asdvjacblasdjcbnlaisduvnlaifduvjafdv",
    "text_post": "sdchbadslvbualdfvubaldifvubhaliudvblaiudvb",
    "rating_post": 0,
    "type_post": "article",
    "author": 1
  }
},
{
  "model": "newstrueapp.post",
  "pk": 75,
  "fields": {
    "date_post": "2023-02-15T20:05:08.098",
    "head_post": "adljhcbakjfvbjkadfajlkd",
    "text_post": "afdvkashdbclauivbliaudfvbliaufdvblaiufdvnlaiufdvafdv",
    "rating_post": 0,
    "type_post": "article",
    "author": 1
  }
},
{
  "model": "newstrueapp.post",
  "pk": 76,
  "fields": {
    "date_post": "2023-02-15T20:12:40.065",
    "head_post": "adfvljafhvblafvblajfv",
    "text_post": "afvclakhdbclajsdcnlakfjvnalifvbalfuvblafuvaf",
    "rating_post": 0,
    "type_post": "article",
    "author": 1
  }
},
{
  "model": "newstrueapp.post",
  "pk": 77,
  "fields": {
    "date_post": "2023-02-15T20:15:28.853",
    "head_post": "afdvljhabvljabvladfjvbnladfkv",
    "text_post": "advliadbhvilaudvhbliaduvbhlaifuvlaifuvbnlaifuvnblaidfuvbvf",
    "rating_post": 0,
    "type_post": "article",
    "author": 1
  }
},
{
  "model": "newstrueapp.post",
  "pk": 78,
  "fields": {
    "date_post": "2023-02-15T20:18:26.357",
    "head_post": "adf vadfvadfv",
    "text_post": "adfvadfvadfvadfvadvfafdavrsvfardbfvardvarbvafvafd",
    "rating_post": 0,
    "type_post": "article",
    "author": 1
  }
},
{
  "model": "newstrueapp.post",
  "pk": 79,
  "fields": {
    "date_post": "2023-02-15T20:20:58.549",
    "head_post": "afdvjahdbkjaf",
    "text_post": "adfvaksjdchvbksejblausvbladsbvlajfdvh",
    "rating_post": 0,
    "type_post": "article",
    "author": 1
  }
},
{
  "model": "newstrueapp.post",
  "pk": 80,
  "fields": {
    "date_post": "2023-02-15T20:22:35.653",
    "head_post": "afdfvafdvjhaiflvlafvafdv",
    "text_post": "afvafdvadfvsdfvdvfadvadfvsadfvafvafdvafdvafv",
    "rating_post": 0,
    "type_post": "article",
    "author": 1
  }
},
{
  "model": "newstrueapp.post",
  "pk": 81,
  "fields": {
    "date_post": "2023-02-15T20:23:57.285",
    "head_post": "afdvafdvakcvjhabvkjaf",
    "text_post": "afvadjhbafdvbualdivbulaidfuvbliafudvblaufdv",
    "rating_post": 0,
    "type_post": "article",
    "author": 1
  }
},
{
  "model": "newstrueapp.post",
  "pk": 82,
  "fields": {
    "date_post": "2023-02-15T20:25:57.054",
    "head_post": "qvqervjhvrukfbv",
    "text_post": "qervqerivcuhbaldciubleivubqlvbcykasjdcnliueuhnlivf",
    "rating_post": 0,
    "type_post": "article",
    "author": 1
  }
},
{
  "model": "newstrueapp.post",
  "pk": 83,
  "fields": {
    "date_post": "2023-02-15T20:28:14.428",
    "head_post": "fvlidfvubldaifuvb",
    "text_post": "afvlaiuvblaifudvblaidfuvbliauvblifuvblakfv",
    "rating_post": 0,
    "type_post": "article",
    "author": 1
  }
},
{
  "model": "newstrueapp.post",
  "pk": 84,
  "fields": {
    "date_post": "2023-02-15T20:30:17.687",
    "head_post": "fvafvavafdvafdvafdvafdva",
    "text_post": "advclajsdhcblaifduv;aosivn;aovblaidfuvblaisudvbliadfuvblaidfuvbhlaifud",
    "rating_post": 0,
    "type_post": "article",
    "author": 1
  }
},
{
  "model": "newstrueapp.post",
  "pk": 85,
  "fields": {
    "date_post": "2023-02-15T20:31:59.061",
    "head_post": "afvafdvjhabvjva",
    "text_post": "dvvkjhdvblajdvblafiduvbladvbulaudvbladjbvladjvblafjv",
    "rating_post": 0,
    "type_post": "article",
    "author": 1
  }
},
{
  "model": "newstrueapp.post",
  "pk": 86,
  "fields": {
    "date_post": "2023-02-15T20:34:49.434",
    "head_post": "sfdvafdvafdvafv",
    "text_post": "afdvalidfvbhalidvubalifduvblaidfuvblakjdvbnalkfdjvbalkfdv",
    "rating_post": 0,
    "type_post": "article",
    "author": 1
  }
},
{
  "model": "newstrueapp.post",
  "pk": 87,
  "fields": {
    "date_post": "2023-02-15T20:37:20.354",
    "head_post": "fbfsgbsgbsbsbsgbsgb",
    "text_post": "sfdbsfgbsfgbsfbgsfdbsgbsgbsgbsgbgb",
    "rating_post": 0,
    "type_post": "article",
    "author": 1
  }
},
{
  "model": "newstrueapp.post",
  "pk": 88,
  "fields": {
    "date_post": "2023-02-15T20:38:28.366",
    "head_post": "fdvadfvafvafv",
    "text_post": "afdvafvfvsfvfadvfsfdfvadfvsdafvbafdvb",
    "rating_post": 0,
    "type_post": "article",
    "author": 1
  }
},
{
  "model": "newstrueapp.post",
  "pk": 89,
  "fields": {
    "date_post": "2023-02-16T07:17:38.511",
    "head_post": "afvlahfdcbaudcbaudvbaufv",
    "text_post": "adadilcbhalvubaldufvblaudvblaidufvbalidufvblaidufvbliadfuvbliaduvbalidufv",
    "rating_post": 0,
    "type_post": "article",
    "author": 1
  }
},
{
  "model": "newstrueapp.post",
  "pk": 90,
  "fields": {
    "date_post": "2023-02-16T07:18:10.510",
    "head_post": "qvadskhvbaukbclajhbvlja",
    "text_post": "adscjhasbdcluabdvcliaudfvbliausdvbliaudvbalivblajdvnlvf",
    "rating_post": 0,
    "type_post": "article",
    "author": 1
  }
},
{
  "model": "newstrueapp.post",
  "pk": 91,
  "fields": {
    "date_post": "2023-02-16T07:21:44.998",
    "head_post": "afdvhkadbvfuadbvl",
    "text_post": "advalsdhvblaiduvblaifduvblaifduvbliaudfvblaiufjvafv",
    "rating_post": 0,
    "type_post": "article",
    "author": 1
  }
},
{
  "model": "newstrueapp.post",
  "pk": 92,
  "fields": {
    "date_post": "2023-02-16T07:23:25.063",
    "head_post": "adfvjadhvbkajcbkjadfbkjafafd",
    "text_post": "asdvljasdchbkajvblajkfdvblasjdvblafunliaudfvnliaavf",
    "rating_post": 0,
    "type_post": "article",
    "author": 1
  }
},
{
  "model": "newstrueapp.post",
  "pk": 93,
  "fields": {
    "date_post": "2023-02-16T07:24:37.117",
    "head_post": "dfdlkvhbadvhkjdfvh",
    "text_post": "afvavhbaluvblaiudvfblaidfuvlakdfvnlakdfv",
    "rating_post": 0,
    "type_post": "article",
    "author": 2
  }
},
{
  "model": "newstrueapp.post",
  "pk": 94,
  "fields": {
    "date_post": "2023-02-16T07:26:48.028",
    "head_post": "asdvafdkvjbaflvjbnvf",
    "text_post": "advalkdhvbaldsuvblaifuvblaiuvbliasudvbnliafsjv",
    "rating_post": 0,
    "type_post": "article",
    "author": 1
  }
},
{
  "model": "newstrueapp.post",
  "pk": 95,
  "fields": {
    "date_post": "2023-02-16T07:41:32.253",
    "head_post": "fvsfvfvsfbsgb",
    "text_post": "afvjadfvhblaiduvblaiuvbluivbnliadfuvnlidafuvnaidfujv",
    "rating_post": 0,
    "type_post": "article",
    "author": 1
  }
},
{
  "model": "newstrueapp.post",
  "pk": 96,
  "fields": {
    "date_post": "2023-02-16T07:44:04.445",
    "head_post": "Злость",
    "text_post": "Здравствуйте. Если эта гребанная приложуха не сработает и сейчас, я уйду из программистов в писатели.\r\nОх, вэйт...",
    "rating_post": 0,
    "type_post": "article",
    "author": 2
  }
},
{
  "model": "newstrueapp.post",
  "pk": 97,
  "fields": {
    "date_post": "2023-02-16T07:45:39.944",
    "head_post": "Диалог",
    "text_post": "Зря ты упираешься, дурацкое приложение, я все равно тебя сделаю и заставлю отправлять письма!",
    "rating_post": 0,
    "type_post": "article",
    "author": 2
  }
},
{
  "model": "newstrueapp.post",
  "pk": 98,
  "fields": {
    "date_post": "2023-02-16T08:07:20.496",
    "head_post": "вот и молодец",
    "text_post": "Вот и молодец! Теперь давай еще письма прикрепи и будет совсем хорошо",
    "rating_post": 0,
    "type_post": "article",
    "author": 1
  }
},
{
  "model": "newstrueapp.post",
  "pk": 99,
  "fields": {
    "date_post": "2023-02-16T08:11:54.841",
    "head_post": "попытка номер пять",
    "text_post": "Попытка номер пять\r\nОтправляй с текстом",
    "rating_post": 0,
    "type_post": "article",
    "author": 2
  }
},
{
  "model": "newstrueapp.post",
  "pk": 100,
  "fields": {
    "date_post": "2023-02-16T08:16:57.352",
    "head_post": "afkvjhvafkvjhadfdvadfv",
    "text_post": "afvajdfvhbadjfbvhbajdkfvbakjdfdvhbkajfvhadf",
    "rating_post": 0,
    "type_post": "article",
    "author": 1
  }
},
{
  "model": "newstrueapp.post",
  "pk": 101,
  "fields": {
    "date_post": "2023-02-16T08:18:46.800",
    "head_post": "adscjhjvbsdkvjvhbad",
    "text_post": "adcclidcbuayddbuadyfvbaudvbausdcbkaudvbkaudvbakjvbauvbaufyvh",
    "rating_post": 0,
    "type_post": "article",
    "author": 1
  }
},
{
  "model": "newstrueapp.post",
  "pk": 102,
  "fields": {
    "date_post": "2023-02-16T08:24:09.076",
    "head_post": "afdvaljvhbadkfjf",
    "text_post": "advhabvadjbvliaduvbiladufvbliadfuvbiladfuvbiaflv",
    "rating_post": 0,
    "type_post": "article",
    "author": 1
  }
},
{
  "model": "newstrueapp.post",
  "pk": 103,
  "fields": {
    "date_post": "2023-02-16T08:28:43.758",
    "head_post": "Ну что дуль два",
    "text_post": "Привет! Я сегодня сделала большое дело: наладила сайт. Я очень собой горжусь!",
    "rating_post": 0,
    "type_post": "article",
    "author": 1
  }
},
{
  "model": "newstrueapp.post",
  "pk": 104,
  "fields": {
    "date_post": "2023-02-16T08:32:56.793",
    "head_post": "Еще одна попытка",
    "text_post": "Привет, ну давай же сделай все правильно, миленький",
    "rating_post": 0,
    "type_post": "article",
    "author": 1
  }
},
{
  "model": "newstrueapp.post",
  "pk": 105,
  "fields": {
    "date_post": "2023-02-16T08:55:19.502",
    "head_post": "Сделка",
    "text_post": "Ну давай, дорогой, сделай все правильно!",
    "rating_post": 0,
    "type_post": "article",
    "author": 1
  }
},
{
  "model": "newstrueapp.post",
  "pk": 106,
  "fields": {
    "date_post": "2023-02-16T08:55:53.986",
    "head_post": "правильно",
    "text_post": "Все правильно сделай, ну!",
    "rating_post": 0,
    "type_post": "article",
    "author": 1
  }
},
{
  "model": "newstrueapp.post",
  "pk": 107,
  "fields": {
    "date_post": "2023-02-16T08:58:11.504",
    "head_post": "фамфамфам",
    "text_post": "фамфавмдфрвищгфмищгфванмифгнмифгвиммнфнгам",
    "rating_post": 0,
    "type_post": "article",
    "author": 2
  }
},
{
  "model": "newstrueapp.post",
  "pk": 108,
  "fields": {
    "date_post": "2023-02-16T08:58:32.559",
    "head_post": "Привет!",
    "text_post": "Сегодня прекрасный день и мои коты счастливы",
    "rating_post": 0,
    "type_post": "article",
    "author": 1
  }
},
{
  "model": "newstrueapp.post",
  "pk": 109,
  "fields": {
    "date_post": "2023-02-16T08:58:58.091",
    "head_post": "Тест",
    "text_post": "Сегодня прекрасный день и мои коты счастливы",
    "rating_post": 0,
    "type_post": "article",
    "author": 2
  }
},
{
  "model": "newstrueapp.post",
  "pk": 110,
  "fields": {
    "date_post": "2023-02-16T09:01:36.296",
    "head_post": "Ну все это последняя попытка",
    "text_post": "Все ,я сделала! Давай отправляй идеально",
    "rating_post": 0,
    "type_post": "article",
    "author": 1
  }
},
{
  "model": "newstrueapp.post",
  "pk": 111,
  "fields": {
    "date_post": "2023-02-16T09:03:24.124",
    "head_post": "Привет!",
    "text_post": "Ну все, это еще одна последняя попытка все сделай хорошо",
    "rating_post": 0,
    "type_post": "article",
    "author": 2
  }
},
{
  "model": "newstrueapp.post",
  "pk": 112,
  "fields": {
    "date_post": "2023-02-16T09:04:08.194",
    "head_post": "Привет!",
    "text_post": "Я сегодня буду до вечера это все делать опять?",
    "rating_post": 0,
    "type_post": "article",
    "author": 2
  }
},
{
  "model": "newstrueapp.post",
  "pk": 113,
  "fields": {
    "date_post": "2023-02-16T09:06:07.162",
    "head_post": "привет",
    "text_post": "Я хочу чтобы во рту оставался терпкий вкус сигарет",
    "rating_post": 0,
    "type_post": "article",
    "author": 1
  }
},
{
  "model": "newstrueapp.post",
  "pk": 114,
  "fields": {
    "date_post": "2023-02-16T09:06:31.917",
    "head_post": "Сегодня день",
    "text_post": "Я хочу чтобы во рту оставался терпкий вкус сигарет",
    "rating_post": 0,
    "type_post": "article",
    "author": 2
  }
},
{
  "model": "newstrueapp.post",
  "pk": 115,
  "fields": {
    "date_post": "2023-02-16T09:08:08.158",
    "head_post": "Привет! Я",
    "text_post": "чтобы сегодня все было хорошо))\r\nя уже не знаю, что писать",
    "rating_post": 0,
    "type_post": "article",
    "author": 2
  }
},
{
  "model": "newstrueapp.post",
  "pk": 116,
  "fields": {
    "date_post": "2023-02-16T09:09:45.753",
    "head_post": "хай",
    "text_post": "Я сегодня хочу остаться дома. И приготовить лазанью.\r\nЯ молодец",
    "rating_post": 0,
    "type_post": "article",
    "author": 2
  }
},
{
  "model": "newstrueapp.post",
  "pk": 117,
  "fields": {
    "date_post": "2023-02-16T09:11:49.838",
    "head_post": "ну и последний разок",
    "text_post": "Сегодня я супер молодец\r\nЯ сделала так много!\r\nЯ хочу чтобы всегда так было",
    "rating_post": 0,
    "type_post": "article",
    "author": 1
  }
},
{
  "model": "newstrueapp.post",
  "pk": 118,
  "fields": {
    "date_post": "2023-02-16T09:13:46.694",
    "head_post": "Не бань",
    "text_post": "Не бань за спам пожалуйста\r\nты же понимаешь, что я учусь.\r\nееееееее!",
    "rating_post": 0,
    "type_post": "article",
    "author": 2
  }
},
{
  "model": "newstrueapp.post",
  "pk": 119,
  "fields": {
    "date_post": "2023-02-16T15:30:51.097",
    "head_post": "fjkvhbkfjv",
    "text_post": "afvkjahdcbkasjdhbclajhvbljafdvbajlvblajfvblajfv",
    "rating_post": 0,
    "type_post": "news",
    "author": 2
  }
},
{
  "model": "newstrueapp.post",
  "pk": 120,
  "fields": {
    "date_post": "2023-02-16T16:23:07.876",
    "head_post": "fvfkhbdvl",
    "text_post": "afviabhvfoiuabvoiaufdviaudfvbliaufdvbliaudfvblaiufdvbliafduvblafkduvbafdv",
    "rating_post": 0,
    "type_post": "news",
    "author": 1
  }
},
{
  "model": "newstrueapp.post",
  "pk": 121,
  "fields": {
    "date_post": "2023-02-16T16:23:35.439",
    "head_post": "Привет!",
    "text_post": "Я снова все починила. ура. осталось выяснить, что был за баг\r\nПоговори еще со мной)",
    "rating_post": 0,
    "type_post": "news",
    "author": 1
  }
},
{
  "model": "newstrueapp.post",
  "pk": 122,
  "fields": {
    "date_post": "2023-02-16T16:23:44.678",
    "head_post": "Привет!",
    "text_post": "Я снова все починила. ура. осталось выяснить, что был за баг\r\nПоговори еще со мной)",
    "rating_post": 0,
    "type_post": "news",
    "author": 3
  }
},
{
  "model": "newstrueapp.post",
  "pk": 123,
  "fields": {
    "date_post": "2023-02-16T16:24:15.474",
    "head_post": "Привет!",
    "text_post": "Я снова все починила. ура. осталось выяснить, что был за баг\r\nПоговори еще со мной)djn",
    "rating_post": 0,
    "type_post": "news",
    "author": 3
  }
},
{
  "model": "newstrueapp.post",
  "pk": 124,
  "fields": {
    "date_post": "2023-02-17T09:09:38.108",
    "head_post": "Работай!",
    "text_post": "Ну все, ты мне надоел опять!!",
    "rating_post": 0,
    "type_post": "article",
    "author": 1
  }
},
{
  "model": "newstrueapp.post",
  "pk": 125,
  "fields": {
    "date_post": "2023-02-17T09:10:47.579",
    "head_post": "Второй",
    "text_post": "Ну вот можешь же когда хочешь))\r\nСпасибо!",
    "rating_post": 0,
    "type_post": "article",
    "author": 1
  }
},
{
  "model": "newstrueapp.post",
  "pk": 126,
  "fields": {
    "date_post": "2023-02-17T10:48:23.876",
    "head_post": "а теперь от Нины",
    "text_post": "Привет, я тоже хочу отправлять новости",
    "rating_post": 0,
    "type_post": "article",
    "author": 2
  }
},
{
  "model": "newstrueapp.post",
  "pk": 127,
  "fields": {
    "date_post": "2023-02-17T15:03:25.556",
    "head_post": "2023-02-17 15:03:25.554281",
    "text_post": "Привет сегодня дождь и скверно. А вы не виделись наверное сто лет",
    "rating_post": 0,
    "type_post": "article",
    "author": 2
  }
},
{
  "model": "newstrueapp.post",
  "pk": 128,
  "fields": {
    "date_post": "2023-02-18T12:27:53.968",
    "head_post": "Сегодня я пытаюсь покорить",
    "text_post": "Сегодня я пытаюсь покорить сэлэри\r\nкакие красивые названия у этих программ",
    "rating_post": 0,
    "type_post": "article",
    "author": 2
  }
},
{
  "model": "newstrueapp.post",
  "pk": 129,
  "fields": {
    "date_post": "2023-02-18T12:33:10.944",
    "head_post": "пробуем еще раз",
    "text_post": "Привет сегодня дождь и скверно а мы не виделись наверное сто лет",
    "rating_post": 0,
    "type_post": "article",
    "author": 2
  }
},
{
  "model": "newstrueapp.post",
  "pk": 130,
  "fields": {
    "date_post": "2023-02-18T12:36:32.570",
    "head_post": "И еще попытка",
    "text_post": "Привет сколько зим сколько лет\r\nкак мне надоело с тобой переиисываться",
    "rating_post": 0,
    "type_post": "article",
    "author": 2
  }
},
{
  "model": "newstrueapp.post",
  "pk": 131,
  "fields": {
    "date_post": "2023-02-18T12:51:00.635",
    "head_post": "Снова я",
    "text_post": "Сегдня я хочу снова сказать что ты меня достал\r\nдавай работай",
    "rating_post": 0,
    "type_post": "article",
    "author": 1
  }
},
{
  "model": "newstrueapp.post",
  "pk": 132,
  "fields": {
    "date_post": "2023-02-18T12:53:54.510",
    "head_post": "И снова я",
    "text_post": "The problem is on your end: datetime.now() is not TZ aware, so you're the one feeding in a naive TZ. See the Django docs on this issue. The reason it works when setting default=datetime.now is that you're forcing the value to a naive datetime, so when you later compare it with another naive datetime, there's no problem.",
    "rating_post": 0,
    "type_post": "article",
    "author": 1
  }
},
{
  "model": "newstrueapp.post",
  "pk": 133,
  "fields": {
    "date_post": "2023-02-18T14:03:39.637",
    "head_post": "adsccjhasbvsf",
    "text_post": "adljshdcboausdcblaisudcblisaucbliusbcliaubvliuavbluadcblisaudbcluisbuiavbliafufvbif",
    "rating_post": 0,
    "type_post": "article",
    "author": 1
  }
},
{
  "model": "newstrueapp.post",
  "pk": 134,
  "fields": {
    "date_post": "2023-02-18T14:19:14.151",
    "head_post": "lfjvbdfv",
    "text_post": "fvjashbvoiaulfvbiadfuvbialdfuvbioaudfvbiodaufvbioaudflvbfulaiudfvbivbauifd",
    "rating_post": 0,
    "type_post": "article",
    "author": 1
  }
},
{
  "model": "newstrueapp.post",
  "pk": 135,
  "fields": {
    "date_post": "2023-02-18T14:32:54.202",
    "head_post": "dfvadfva",
    "text_post": "afvafvadfvcsjcdhvkajvybaldfvbladfuvbaiodfuvbuaodfv",
    "rating_post": 0,
    "type_post": "article",
    "author": 3
  }
},
{
  "model": "newstrueapp.post",
  "pk": 136,
  "fields": {
    "date_post": "2023-02-18T14:43:55.822",
    "head_post": "cc va vafd adfv",
    "text_post": "afdvadfvjhbadsljccblajfbcliauvfblaidfvbladkfvbladifuvblkadfvblkadfvblkafvblkafjv",
    "rating_post": 0,
    "type_post": "article",
    "author": 3
  }
},
{
  "model": "newstrueapp.post",
  "pk": 137,
  "fields": {
    "date_post": "2023-02-18T14:53:13.785",
    "head_post": "afdvjafhvkfj",
    "text_post": "afdvasfvaofivabsdvouybaofvuybafouivybalfiuvyblaifuvbalfiuvblafiv",
    "rating_post": 0,
    "type_post": "article",
    "author": 3
  }
},
{
  "model": "newstrueapp.post",
  "pk": 138,
  "fields": {
    "date_post": "2023-02-18T15:03:34.104",
    "head_post": "adffadfvhjvf",
    "text_post": "afdvafvaufoiafygviafvgliaufsvgliausfvgiouafvhopasfv",
    "rating_post": 0,
    "type_post": "article",
    "author": 1
  }
},
{
  "model": "newstrueapp.post",
  "pk": 139,
  "fields": {
    "date_post": "2023-02-18T16:54:33.790",
    "head_post": "dfvjhbvfu",
    "text_post": "afvliahfvboiaufvbioaufdvbiaufdvbiauvbiaufvbaiufvbpiaufbvpiaubvnpadf",
    "rating_post": 0,
    "type_post": "article",
    "author": 2
  }
},
{
  "model": "newstrueapp.post",
  "pk": 140,
  "fields": {
    "date_post": "2023-02-19T11:19:21.705",
    "head_post": "dajhvbavblv",
    "text_post": "afdfvjadvhbljavhblajvbliavubliaduvbliauvbliauvbliaubvfulakerv",
    "rating_post": 0,
    "type_post": "article",
    "author": 2
  }
},
{
  "model": "newstrueapp.post",
  "pk": 141,
  "fields": {
    "date_post": "2023-02-19T11:24:26.077",
    "head_post": "g sfggf",
    "text_post": "sfgsg sg sg sg s sgb sfgadlvjbsdnovhunidrlufvbsulfdvblsidfuvbsliudvf",
    "rating_post": 0,
    "type_post": "article",
    "author": 3
  }
},
{
  "model": "newstrueapp.post",
  "pk": 142,
  "fields": {
    "date_post": "2023-02-19T11:29:59.915",
    "head_post": "jhdcblajdcbljdafvblvb",
    "text_post": "afdvlahfdvblavblafvbljafvblkajfvnlkajfdvbljafhvbljadfvblavbaljdkf",
    "rating_post": 0,
    "type_post": "article",
    "author": 1
  }
},
{
  "model": "newstrueapp.post",
  "pk": 143,
  "fields": {
    "date_post": "2023-02-19T12:15:28.577",
    "head_post": "fdvijbvioubeoviuberoiv",
    "text_post": "vkhjbvasbvoiausbvialurvbialsurvbialusraruvbiuarsjv",
    "rating_post": 0,
    "type_post": "article",
    "author": 1
  }
},
{
  "model": "newstrueapp.post",
  "pk": 144,
  "fields": {
    "date_post": "2023-02-19T13:41:44.975",
    "head_post": "shdcbasdcbasv",
    "text_post": "sdcvcsidhcvblasuvcblaiusvblaisuvbliausvblasudvblausvbliasduvblaiudvbliafk",
    "rating_post": 0,
    "type_post": "article",
    "author": 1
  }
},
{
  "model": "newstrueapp.post",
  "pk": 145,
  "fields": {
    "date_post": "2023-02-19T13:52:16.285",
    "head_post": "lahdbvljadvbhlajfdv",
    "text_post": "afdfvaskdhvbalsdvublavblajfvblajfhbvlakjfvblaidfuvbliafuvbvf",
    "rating_post": 0,
    "type_post": "article",
    "author": 2
  }
},
{
  "model": "newstrueapp.post",
  "pk": 146,
  "fields": {
    "date_post": "2023-02-19T19:28:22.649",
    "head_post": "fdvkhjbfvlkfv",
    "text_post": "adcjkhabvclajhbvladjkfalkjdflaifuvblafvblaufvbliaufvbliauvblivbliadfuvbivubuiadf",
    "rating_post": 0,
    "type_post": "article",
    "author": 2
  }
},
{
  "model": "newstrueapp.post",
  "pk": 147,
  "fields": {
    "date_post": "2023-02-19T19:34:08.910",
    "head_post": "adcdclkhjabcjhbvkjfv",
    "text_post": "adlkchbjdchbkjvbjkhdbvjhafvbjafhvbjlavhbljavbljafv",
    "rating_post": 0,
    "type_post": "article",
    "author": 1
  }
},
{
  "model": "newstrueapp.post",
  "pk": 148,
  "fields": {
    "date_post": "2023-02-19T19:47:47.500",
    "head_post": "advkljbvljadfv",
    "text_post": "avashvbalisuvbliauvfblaisuvbaliudfvblaiufvblaiuvfbaiusfv",
    "rating_post": 0,
    "type_post": "article",
    "author": 2
  }
},
{
  "model": "newstrueapp.post",
  "pk": 149,
  "fields": {
    "date_post": "2023-02-19T19:49:49.692",
    "head_post": "asdvlkjabsvljefqv",
    "text_post": "advisialdhvcblauvblfuvbliauvblaiuvbhliudfvhbifdlv",
    "rating_post": 0,
    "type_post": "article",
    "author": 1
  }
},
{
  "model": "newstrueapp.post",
  "pk": 150,
  "fields": {
    "date_post": "2023-02-19T22:15:44.267",
    "head_post": "dfvafvafva",
    "text_post": "fvafvafvafvafvadvsfdxvasvdavvsedsvd",
    "rating_post": 0,
    "type_post": "article",
    "author": 2
  }
},
{
  "model": "newstrueapp.post",
  "pk": 151,
  "fields": {
    "date_post": "2023-02-19T22:36:41.031",
    "head_post": "afvjhvakahfjdv",
    "text_post": "djhvskjvabrlubalfduvbaldfjvblfduvblvblaifudvblafudvblafuv",
    "rating_post": 0,
    "type_post": "article",
    "author": 1
  }
},
{
  "model": "newstrueapp.post",
  "pk": 152,
  "fields": {
    "date_post": "2023-02-19T22:49:36.903",
    "head_post": "dvasdvafv",
    "text_post": "SDVsdvasjhcvbkajsvhbjlashvblajkvblajkv jk;af",
    "rating_post": 0,
    "type_post": "article",
    "author": 2
  }
},
{
  "model": "newstrueapp.post",
  "pk": 153,
  "fields": {
    "date_post": "2023-02-19T23:04:04.530",
    "head_post": "afdvaksjdvhvbafj",
    "text_post": "adsvliahvbaliuvbialusrvbilaufkvblaiudkfvbliaufvblaiufkvblaifuvbliafuv",
    "rating_post": 0,
    "type_post": "article",
    "author": 1
  }
},
{
  "model": "newstrueapp.post",
  "pk": 154,
  "fields": {
    "date_post": "2023-02-19T23:13:37.207",
    "head_post": "adf vafdvaf v",
    "text_post": "afvafdvafdvalkfvjblaruivblaiuvblaiubvlaiuvbal",
    "rating_post": 0,
    "type_post": "article",
    "author": 1
  }
},
{
  "model": "newstrueapp.post",
  "pk": 155,
  "fields": {
    "date_post": "2023-02-20T12:19:52.685",
    "head_post": "vffjvhakfuvykafdv",
    "text_post": "afdvafivbaiuvblafuvblajuvbliauvbliufvbliaufvblaiufdv",
    "rating_post": 0,
    "type_post": "article",
    "author": 1
  }
},
{
  "model": "newstrueapp.post",
  "pk": 156,
  "fields": {
    "date_post": "2023-02-20T12:27:20.806",
    "head_post": "fvfjvhbalfjvhblafjvh",
    "text_post": "advasiuvboaisufvboaiuvbaisuvbialubvaiufv",
    "rating_post": 0,
    "type_post": "article",
    "author": 1
  }
},
{
  "model": "newstrueapp.post",
  "pk": 157,
  "fields": {
    "date_post": "2023-02-20T12:34:10.470",
    "head_post": "asdvjhavjavhadf",
    "text_post": "afdvkahvkajsdvhbljahvbljafvbjavbljavbljabhvlajf",
    "rating_post": 0,
    "type_post": "article",
    "author": 2
  }
},
{
  "model": "newstrueapp.post",
  "pk": 158,
  "fields": {
    "date_post": "2023-02-20T12:37:34.183",
    "head_post": "dcjhabdckajd",
    "text_post": "afvflahdbabvlafjvbiaufdvbliafubvliaufkbvliaufdvblaiudfvblaiufdkjv",
    "rating_post": 0,
    "type_post": "article",
    "author": 1
  }
},
{
  "model": "newstrueapp.post",
  "pk": 159,
  "fields": {
    "date_post": "2023-02-20T12:39:46.943",
    "head_post": "jhvbladjdhvblhvjf",
    "text_post": "avfjasrhvblardvbliauvfblaidfvblaidkfjvblaidufvblaifduvbladifk",
    "rating_post": 0,
    "type_post": "article",
    "author": 1
  }
},
{
  "model": "newstrueapp.post",
  "pk": 160,
  "fields": {
    "date_post": "2023-02-20T12:51:07.054",
    "head_post": "advkhvjahbvlajvkf",
    "text_post": "addvalsdvhbavblasvblajskdvblkafjdvblakfjvblakjsfvblafkj",
    "rating_post": 0,
    "type_post": "article",
    "author": 1
  }
},
{
  "model": "newstrueapp.post",
  "pk": 161,
  "fields": {
    "date_post": "2023-02-20T12:51:25.068",
    "head_post": "sfbadbadbaFb",
    "text_post": "abadfbadbzdbzdfbzdgbzdgndznzdgnzgnzgfnzgnzg",
    "rating_post": 0,
    "type_post": "article",
    "author": 3
  }
},
{
  "model": "newstrueapp.post",
  "pk": 162,
  "fields": {
    "date_post": "2023-02-20T12:52:02.592",
    "head_post": "afvas,jdvhakjfvhbadfv",
    "text_post": "advaljdsvhbakjvhbajlvblajkvblakjfvblakjfvblakfjdvblkafd",
    "rating_post": 0,
    "type_post": "article",
    "author": 3
  }
},
{
  "model": "newstrueapp.post",
  "pk": 163,
  "fields": {
    "date_post": "2023-02-20T13:08:11.836",
    "head_post": "adscjlhbsvklahfjv",
    "text_post": "afdvfasldhvblasfjvbalsiufvblaiusfvbliaufbvlaifuvblaifkvbalkfvblakjf",
    "rating_post": 0,
    "type_post": "article",
    "author": 3
  }
},
{
  "model": "newstrueapp.post",
  "pk": 164,
  "fields": {
    "date_post": "2023-02-20T13:11:03.501",
    "head_post": "ajffhcbaljvblajdf",
    "text_post": "afvahufvbalvblajkvbflkasjvblakfjalkjfvblkajfsvblkafjvblakjfvblakfjvblajfkv",
    "rating_post": 0,
    "type_post": "article",
    "author": 3
  }
},
{
  "model": "newstrueapp.post",
  "pk": 165,
  "fields": {
    "date_post": "2023-02-20T13:49:24.858",
    "head_post": "afdfvadhvajfv",
    "text_post": "avalsdfvjhbalfjvhbaljfvhblajdfbaljksvbclaksjcdbnliauskvjblaiusrvjbaiursvbaiurf",
    "rating_post": 0,
    "type_post": "article",
    "author": 3
  }
},
{
  "model": "newstrueapp.post",
  "pk": 166,
  "fields": {
    "date_post": "2023-02-20T13:50:56.061",
    "head_post": "sdlkjbasldvjbaflkvjbadjkalvf",
    "text_post": "advisabvljasdbvliausbvi;auvbialsuvbiaubvaisuvbaiusvf",
    "rating_post": 0,
    "type_post": "article",
    "author": 2
  }
},
{
  "model": "newstrueapp.post",
  "pk": 167,
  "fields": {
    "date_post": "2023-02-20T13:59:18.548",
    "head_post": "adlvhvkjvcvakjvyalruvjbulqrf",
    "text_post": "lihcblasjvblaisuvbliasuvbliauvblaisuvblairuvblaiurvf",
    "rating_post": 0,
    "type_post": "article",
    "author": 2
  }
},
{
  "model": "newstrueapp.post",
  "pk": 168,
  "fields": {
    "date_post": "2023-02-20T14:00:18.474",
    "head_post": "qfvafjvhbalsrvfbalifuvbalifdv",
    "text_post": "apdouvbaidfuvbilauvbliauvblakuvblkadfuvblakuvblkajfdbljakfv",
    "rating_post": 0,
    "type_post": "article",
    "author": 2
  }
},
{
  "model": "newstrueapp.post",
  "pk": 169,
  "fields": {
    "date_post": "2023-02-20T14:01:18.769",
    "head_post": "afvhafvbafvbliafuvba",
    "text_post": "afvafdkvjbaidvubairuvbhaiduvbha;sivhn;aofdivhnvbvfaiufdvblafidv",
    "rating_post": 0,
    "type_post": "article",
    "author": 2
  }
},
{
  "model": "newstrueapp.post",
  "pk": 170,
  "fields": {
    "date_post": "2023-02-20T14:02:08.923",
    "head_post": "Привет неужели",
    "text_post": "Неужели получилось с долбанным словарем?\r\nЕсли да, я честно пойду писать книгу",
    "rating_post": 0,
    "type_post": "article",
    "author": 3
  }
},
{
  "model": "newstrueapp.post",
  "pk": 171,
  "fields": {
    "date_post": "2023-02-20T14:04:57.141",
    "head_post": "Коллекция",
    "text_post": "Сегодня светит солнце, и весна уже скоро\r\nкакое счастье. Мне надо больше улыбаться",
    "rating_post": 0,
    "type_post": "article",
    "author": 3
  }
},
{
  "model": "newstrueapp.post",
  "pk": 172,
  "fields": {
    "date_post": "2023-02-20T19:19:35.237",
    "head_post": "fvafdvafv",
    "text_post": "afdvafdvafdvarvaefibalrsiuvbalruivblaeirubflieurvkad",
    "rating_post": 0,
    "type_post": "article",
    "author": 3
  }
},
{
  "model": "newstrueapp.post",
  "pk": 173,
  "fields": {
    "date_post": "2023-02-21T13:29:16.014",
    "head_post": "Привет!",
    "text_post": "Я снова тут давай проверим кеширование",
    "rating_post": 0,
    "type_post": "article",
    "author": 2
  }
},
{
  "model": "newstrueapp.post",
  "pk": 174,
  "fields": {
    "date_post": "2023-02-21T13:43:26.193",
    "head_post": "afdjvhbdakfjvhbkadfv",
    "text_post": "advdalvhbavbavhaljfvbalkfvblakdfjvbalfdvblaiufdlvblaiufv",
    "rating_post": 0,
    "type_post": "article",
    "author": 3
  }
},
{
  "model": "newstrueapp.post",
  "pk": 175,
  "fields": {
    "date_post": "2023-02-21T13:44:10.178",
    "head_post": "kjhabdvjavbkajfv",
    "text_post": "addvhbalfdvbairuvblairuvbliauvblaiuvbaliufvbaliduvblauiv",
    "rating_post": 0,
    "type_post": "article",
    "author": 1
  }
},
{
  "model": "newstrueapp.post",
  "pk": 176,
  "fields": {
    "date_post": "2023-02-21T13:52:00.115",
    "head_post": "afvhjbakjfvhbkadfv",
    "text_post": "afvaifdfvjbaldvhblaiufvbvjbaliuvfblaifvbliaufvbjlaifjv",
    "rating_post": 0,
    "type_post": "article",
    "author": 2
  }
},
{
  "model": "newstrueapp.post",
  "pk": 177,
  "fields": {
    "date_post": "2023-02-21T13:52:46.801",
    "head_post": "ajlfvhbajdfadfv",
    "text_post": "afvadvhbarvuybadovufbaofduvbalvblaivbliaufdbuaiflv",
    "rating_post": 0,
    "type_post": "article",
    "author": 2
  }
},
{
  "model": "newstrueapp.post",
  "pk": 178,
  "fields": {
    "date_post": "2023-02-21T13:58:54.719",
    "head_post": "fdvadvjhbkafjvhkadfv",
    "text_post": "afdvafdvjhasdbvkjavblaifusvblaifuvbalifduvbalifuvblafd",
    "rating_post": 0,
    "type_post": "article",
    "author": 2
  }
},
{
  "model": "newstrueapp.post",
  "pk": 179,
  "fields": {
    "date_post": "2023-02-21T13:59:23.552",
    "head_post": "Привет! Я",
    "text_post": "Сегодня кажется все доделала я молодец и умница\r\nпожалуйста отправься",
    "rating_post": 0,
    "type_post": "article",
    "author": 3
  }
},
{
  "model": "newstrueapp.post",
  "pk": 180,
  "fields": {
    "date_post": "2023-02-21T17:47:38.312",
    "head_post": "22",
    "text_post": "ыовмрмидфыаомидфоыамидфамигфшадм",
    "rating_post": 0,
    "type_post": "article",
    "author": 1
  }
},
{
  "model": "newstrueapp.post",
  "pk": 181,
  "fields": {
    "date_post": "2023-02-21T17:48:00.939",
    "head_post": "33",
    "text_post": "фмфвамфвамфвамфамфамфамфам",
    "rating_post": 0,
    "type_post": "article",
    "author": 2
  }
},
{
  "model": "newstrueapp.postcathegory",
  "pk": 1,
  "fields": {
    "post": 1,
    "cathegory": 1
  }
},
{
  "model": "newstrueapp.postcathegory",
  "pk": 2,
  "fields": {
    "post": 1,
    "cathegory": 3
  }
},
{
  "model": "newstrueapp.postcathegory",
  "pk": 6,
  "fields": {
    "post": 2,
    "cathegory": 3
  }
},
{
  "model": "newstrueapp.postcathegory",
  "pk": 7,
  "fields": {
    "post": 4,
    "cathegory": 2
  }
},
{
  "model": "newstrueapp.postcathegory",
  "pk": 10,
  "fields": {
    "post": 7,
    "cathegory": 2
  }
},
{
  "model": "newstrueapp.postcathegory",
  "pk": 11,
  "fields": {
    "post": 8,
    "cathegory": 2
  }
},
{
  "model": "newstrueapp.postcathegory",
  "pk": 12,
  "fields": {
    "post": 9,
    "cathegory": 1
  }
},
{
  "model": "newstrueapp.postcathegory",
  "pk": 20,
  "fields": {
    "post": 10,
    "cathegory": 2
  }
},
{
  "model": "newstrueapp.postcathegory",
  "pk": 21,
  "fields": {
    "post": 11,
    "cathegory": 3
  }
},
{
  "model": "newstrueapp.postcathegory",
  "pk": 22,
  "fields": {
    "post": 12,
    "cathegory": 3
  }
},
{
  "model": "newstrueapp.postcathegory",
  "pk": 23,
  "fields": {
    "post": 13,
    "cathegory": 3
  }
},
{
  "model": "newstrueapp.postcathegory",
  "pk": 24,
  "fields": {
    "post": 14,
    "cathegory": 1
  }
},
{
  "model": "newstrueapp.postcathegory",
  "pk": 25,
  "fields": {
    "post": 15,
    "cathegory": 3
  }
},
{
  "model": "newstrueapp.postcathegory",
  "pk": 26,
  "fields": {
    "post": 16,
    "cathegory": 3
  }
},
{
  "model": "newstrueapp.postcathegory",
  "pk": 27,
  "fields": {
    "post": 17,
    "cathegory": 4
  }
},
{
  "model": "newstrueapp.postcathegory",
  "pk": 28,
  "fields": {
    "post": 18,
    "cathegory": 4
  }
},
{
  "model": "newstrueapp.postcathegory",
  "pk": 29,
  "fields": {
    "post": 19,
    "cathegory": 3
  }
},
{
  "model": "newstrueapp.postcathegory",
  "pk": 30,
  "fields": {
    "post": 20,
    "cathegory": 3
  }
},
{
  "model": "newstrueapp.postcathegory",
  "pk": 31,
  "fields": {
    "post": 21,
    "cathegory": 3
  }
},
{
  "model": "newstrueapp.postcathegory",
  "pk": 32,
  "fields": {
    "post": 22,
    "cathegory": 1
  }
},
{
  "model": "newstrueapp.postcathegory",
  "pk": 33,
  "fields": {
    "post": 22,
    "cathegory": 2
  }
},
{
  "model": "newstrueapp.postcathegory",
  "pk": 34,
  "fields": {
    "post": 50,
    "cathegory": 1
  }
},
{
  "model": "newstrueapp.postcathegory",
  "pk": 35,
  "fields": {
    "post": 51,
    "cathegory": 1
  }
},
{
  "model": "newstrueapp.postcathegory",
  "pk": 36,
  "fields": {
    "post": 52,
    "cathegory": 1
  }
},
{
  "model": "newstrueapp.postcathegory",
  "pk": 37,
  "fields": {
    "post": 53,
    "cathegory": 3
  }
},
{
  "model": "newstrueapp.postcathegory",
  "pk": 38,
  "fields": {
    "post": 54,
    "cathegory": 1
  }
},
{
  "model": "newstrueapp.postcathegory",
  "pk": 39,
  "fields": {
    "post": 55,
    "cathegory": 1
  }
},
{
  "model": "newstrueapp.postcathegory",
  "pk": 40,
  "fields": {
    "post": 56,
    "cathegory": 1
  }
},
{
  "model": "newstrueapp.postcathegory",
  "pk": 41,
  "fields": {
    "post": 57,
    "cathegory": 1
  }
},
{
  "model": "newstrueapp.postcathegory",
  "pk": 42,
  "fields": {
    "post": 58,
    "cathegory": 1
  }
},
{
  "model": "newstrueapp.postcathegory",
  "pk": 43,
  "fields": {
    "post": 60,
    "cathegory": 3
  }
},
{
  "model": "newstrueapp.postcathegory",
  "pk": 44,
  "fields": {
    "post": 61,
    "cathegory": 3
  }
},
{
  "model": "newstrueapp.postcathegory",
  "pk": 45,
  "fields": {
    "post": 64,
    "cathegory": 1
  }
},
{
  "model": "newstrueapp.postcathegory",
  "pk": 46,
  "fields": {
    "post": 65,
    "cathegory": 3
  }
},
{
  "model": "newstrueapp.postcathegory",
  "pk": 47,
  "fields": {
    "post": 66,
    "cathegory": 1
  }
},
{
  "model": "newstrueapp.postcathegory",
  "pk": 48,
  "fields": {
    "post": 67,
    "cathegory": 1
  }
},
{
  "model": "newstrueapp.postcathegory",
  "pk": 49,
  "fields": {
    "post": 68,
    "cathegory": 1
  }
},
{
  "model": "newstrueapp.postcathegory",
  "pk": 50,
  "fields": {
    "post": 69,
    "cathegory": 2
  }
},
{
  "model": "newstrueapp.postcathegory",
  "pk": 51,
  "fields": {
    "post": 70,
    "cathegory": 3
  }
},
{
  "model": "newstrueapp.postcathegory",
  "pk": 52,
  "fields": {
    "post": 71,
    "cathegory": 3
  }
},
{
  "model": "newstrueapp.postcathegory",
  "pk": 53,
  "fields": {
    "post": 94,
    "cathegory": 3
  }
},
{
  "model": "newstrueapp.postcathegory",
  "pk": 54,
  "fields": {
    "post": 96,
    "cathegory": 3
  }
},
{
  "model": "newstrueapp.postcathegory",
  "pk": 55,
  "fields": {
    "post": 97,
    "cathegory": 3
  }
},
{
  "model": "newstrueapp.postcathegory",
  "pk": 56,
  "fields": {
    "post": 98,
    "cathegory": 3
  }
},
{
  "model": "newstrueapp.postcathegory",
  "pk": 57,
  "fields": {
    "post": 99,
    "cathegory": 3
  }
},
{
  "model": "newstrueapp.postcathegory",
  "pk": 58,
  "fields": {
    "post": 101,
    "cathegory": 3
  }
},
{
  "model": "newstrueapp.postcathegory",
  "pk": 59,
  "fields": {
    "post": 102,
    "cathegory": 3
  }
},
{
  "model": "newstrueapp.postcathegory",
  "pk": 60,
  "fields": {
    "post": 103,
    "cathegory": 3
  }
},
{
  "model": "newstrueapp.postcathegory",
  "pk": 61,
  "fields": {
    "post": 104,
    "cathegory": 3
  }
},
{
  "model": "newstrueapp.postcathegory",
  "pk": 62,
  "fields": {
    "post": 106,
    "cathegory": 3
  }
},
{
  "model": "newstrueapp.postcathegory",
  "pk": 63,
  "fields": {
    "post": 109,
    "cathegory": 3
  }
},
{
  "model": "newstrueapp.postcathegory",
  "pk": 64,
  "fields": {
    "post": 116,
    "cathegory": 4
  }
},
{
  "model": "newstrueapp.postcathegory",
  "pk": 65,
  "fields": {
    "post": 117,
    "cathegory": 3
  }
},
{
  "model": "newstrueapp.postcathegory",
  "pk": 66,
  "fields": {
    "post": 118,
    "cathegory": 3
  }
},
{
  "model": "newstrueapp.postcathegory",
  "pk": 67,
  "fields": {
    "post": 124,
    "cathegory": 3
  }
},
{
  "model": "newstrueapp.postcathegory",
  "pk": 68,
  "fields": {
    "post": 125,
    "cathegory": 3
  }
},
{
  "model": "newstrueapp.postcathegory",
  "pk": 69,
  "fields": {
    "post": 126,
    "cathegory": 1
  }
},
{
  "model": "newstrueapp.postcathegory",
  "pk": 70,
  "fields": {
    "post": 128,
    "cathegory": 3
  }
},
{
  "model": "newstrueapp.postcathegory",
  "pk": 71,
  "fields": {
    "post": 129,
    "cathegory": 3
  }
},
{
  "model": "newstrueapp.postcathegory",
  "pk": 72,
  "fields": {
    "post": 130,
    "cathegory": 3
  }
},
{
  "model": "newstrueapp.postcathegory",
  "pk": 73,
  "fields": {
    "post": 131,
    "cathegory": 3
  }
},
{
  "model": "newstrueapp.postcathegory",
  "pk": 74,
  "fields": {
    "post": 132,
    "cathegory": 3
  }
},
{
  "model": "newstrueapp.postcathegory",
  "pk": 75,
  "fields": {
    "post": 133,
    "cathegory": 3
  }
},
{
  "model": "newstrueapp.postcathegory",
  "pk": 76,
  "fields": {
    "post": 134,
    "cathegory": 3
  }
},
{
  "model": "newstrueapp.postcathegory",
  "pk": 77,
  "fields": {
    "post": 135,
    "cathegory": 3
  }
},
{
  "model": "newstrueapp.postcathegory",
  "pk": 78,
  "fields": {
    "post": 136,
    "cathegory": 3
  }
},
{
  "model": "newstrueapp.postcathegory",
  "pk": 79,
  "fields": {
    "post": 137,
    "cathegory": 3
  }
},
{
  "model": "newstrueapp.postcathegory",
  "pk": 80,
  "fields": {
    "post": 138,
    "cathegory": 3
  }
},
{
  "model": "newstrueapp.postcathegory",
  "pk": 81,
  "fields": {
    "post": 139,
    "cathegory": 3
  }
},
{
  "model": "newstrueapp.postcathegory",
  "pk": 82,
  "fields": {
    "post": 140,
    "cathegory": 3
  }
},
{
  "model": "newstrueapp.postcathegory",
  "pk": 83,
  "fields": {
    "post": 141,
    "cathegory": 3
  }
},
{
  "model": "newstrueapp.postcathegory",
  "pk": 84,
  "fields": {
    "post": 142,
    "cathegory": 3
  }
},
{
  "model": "newstrueapp.postcathegory",
  "pk": 85,
  "fields": {
    "post": 143,
    "cathegory": 3
  }
},
{
  "model": "newstrueapp.postcathegory",
  "pk": 86,
  "fields": {
    "post": 144,
    "cathegory": 3
  }
},
{
  "model": "newstrueapp.postcathegory",
  "pk": 87,
  "fields": {
    "post": 145,
    "cathegory": 3
  }
},
{
  "model": "newstrueapp.postcathegory",
  "pk": 88,
  "fields": {
    "post": 146,
    "cathegory": 3
  }
},
{
  "model": "newstrueapp.postcathegory",
  "pk": 89,
  "fields": {
    "post": 147,
    "cathegory": 3
  }
},
{
  "model": "newstrueapp.postcathegory",
  "pk": 90,
  "fields": {
    "post": 148,
    "cathegory": 3
  }
},
{
  "model": "newstrueapp.postcathegory",
  "pk": 91,
  "fields": {
    "post": 149,
    "cathegory": 3
  }
},
{
  "model": "newstrueapp.postcathegory",
  "pk": 92,
  "fields": {
    "post": 150,
    "cathegory": 3
  }
},
{
  "model": "newstrueapp.postcathegory",
  "pk": 93,
  "fields": {
    "post": 151,
    "cathegory": 3
  }
},
{
  "model": "newstrueapp.postcathegory",
  "pk": 94,
  "fields": {
    "post": 152,
    "cathegory": 3
  }
},
{
  "model": "newstrueapp.postcathegory",
  "pk": 95,
  "fields": {
    "post": 153,
    "cathegory": 3
  }
},
{
  "model": "newstrueapp.postcathegory",
  "pk": 96,
  "fields": {
    "post": 154,
    "cathegory": 3
  }
},
{
  "model": "newstrueapp.postcathegory",
  "pk": 97,
  "fields": {
    "post": 155,
    "cathegory": 3
  }
},
{
  "model": "newstrueapp.postcathegory",
  "pk": 98,
  "fields": {
    "post": 156,
    "cathegory": 3
  }
},
{
  "model": "newstrueapp.postcathegory",
  "pk": 99,
  "fields": {
    "post": 157,
    "cathegory": 3
  }
},
{
  "model": "newstrueapp.postcathegory",
  "pk": 100,
  "fields": {
    "post": 158,
    "cathegory": 3
  }
},
{
  "model": "newstrueapp.postcathegory",
  "pk": 101,
  "fields": {
    "post": 159,
    "cathegory": 3
  }
},
{
  "model": "newstrueapp.postcathegory",
  "pk": 102,
  "fields": {
    "post": 160,
    "cathegory": 3
  }
},
{
  "model": "newstrueapp.postcathegory",
  "pk": 103,
  "fields": {
    "post": 161,
    "cathegory": 3
  }
},
{
  "model": "newstrueapp.postcathegory",
  "pk": 104,
  "fields": {
    "post": 162,
    "cathegory": 3
  }
},
{
  "model": "newstrueapp.postcathegory",
  "pk": 105,
  "fields": {
    "post": 163,
    "cathegory": 3
  }
},
{
  "model": "newstrueapp.postcathegory",
  "pk": 106,
  "fields": {
    "post": 164,
    "cathegory": 3
  }
},
{
  "model": "newstrueapp.postcathegory",
  "pk": 107,
  "fields": {
    "post": 165,
    "cathegory": 3
  }
},
{
  "model": "newstrueapp.postcathegory",
  "pk": 108,
  "fields": {
    "post": 166,
    "cathegory": 3
  }
},
{
  "model": "newstrueapp.postcathegory",
  "pk": 109,
  "fields": {
    "post": 167,
    "cathegory": 3
  }
},
{
  "model": "newstrueapp.postcathegory",
  "pk": 110,
  "fields": {
    "post": 168,
    "cathegory": 3
  }
},
{
  "model": "newstrueapp.postcathegory",
  "pk": 111,
  "fields": {
    "post": 169,
    "cathegory": 3
  }
},
{
  "model": "newstrueapp.postcathegory",
  "pk": 112,
  "fields": {
    "post": 170,
    "cathegory": 3
  }
},
{
  "model": "newstrueapp.postcathegory",
  "pk": 113,
  "fields": {
    "post": 171,
    "cathegory": 1
  }
},
{
  "model": "newstrueapp.postcathegory",
  "pk": 114,
  "fields": {
    "post": 172,
    "cathegory": 3
  }
},
{
  "model": "newstrueapp.postcathegory",
  "pk": 115,
  "fields": {
    "post": 173,
    "cathegory": 1
  }
},
{
  "model": "newstrueapp.postcathegory",
  "pk": 116,
  "fields": {
    "post": 179,
    "cathegory": 3
  }
},
{
  "model": "newstrueapp.postcathegory",
  "pk": 117,
  "fields": {
    "post": 180,
    "cathegory": 1
  }
},
{
  "model": "newstrueapp.postcathegory",
  "pk": 118,
  "fields": {
    "post": 181,
    "cathegory": 2
  }
},
{
  "model": "newstrueapp.comment",
  "pk": 1,
  "fields": {
    "post": 1,
    "user": [
      "Alexander"
    ],
    "text_comment": "cool!",
    "date_comment": "2023-01-24T12:43:40.636",
    "rating_comment": 2
  }
},
{
  "model": "newstrueapp.comment",
  "pk": 2,
  "fields": {
    "post": 1,
    "user": [
      "Nina"
    ],
    "text_comment": "wow!",
    "date_comment": "2023-01-24T12:44:03.232",
    "rating_comment": 1
  }
},
{
  "model": "django_apscheduler.djangojob",
  "pk": "delete_old_job_executions",
  "fields": {
    "next_run_time": "2023-02-24T12:18:00",
    "job_state": "gAWVnAQAAAAAAAB9lCiMB3ZlcnNpb26USwGMAmlklIwZZGVsZXRlX29sZF9qb2JfZXhlY3V0aW9uc5SMBGZ1bmOUjEhuZXdzdHJ1ZWFwcC5tYW5hZ2VtZW50LmNvbW1hbmRzLnJ1bmFwc2NoZWR1bGVyOmRlbGV0ZV9vbGRfam9iX2V4ZWN1dGlvbnOUjAd0cmlnZ2VylIwZYXBzY2hlZHVsZXIudHJpZ2dlcnMuY3JvbpSMC0Nyb25UcmlnZ2VylJOUKYGUfZQoaAFLAowIdGltZXpvbmWUjBtweXR6X2RlcHJlY2F0aW9uX3NoaW0uX2ltcGyUjAl3cmFwX3pvbmWUk5SMCGJ1aWx0aW5zlIwHZ2V0YXR0cpSTlIwSYmFja3BvcnRzLnpvbmVpbmZvlIwIWm9uZUluZm+Uk5SMCV91bnBpY2tsZZSGlFKUjA1FdXJvcGUvTW9zY293lEsBhpRSlGgZhpRSlIwKc3RhcnRfZGF0ZZROjAhlbmRfZGF0ZZROjAZmaWVsZHOUXZQojCBhcHNjaGVkdWxlci50cmlnZ2Vycy5jcm9uLmZpZWxkc5SMCUJhc2VGaWVsZJSTlCmBlH2UKIwEbmFtZZSMBHllYXKUjAppc19kZWZhdWx0lIiMC2V4cHJlc3Npb25zlF2UjCVhcHNjaGVkdWxlci50cmlnZ2Vycy5jcm9uLmV4cHJlc3Npb25zlIwNQWxsRXhwcmVzc2lvbpSTlCmBlH2UjARzdGVwlE5zYmF1YmgijApNb250aEZpZWxklJOUKYGUfZQoaCeMBW1vbnRolGgpiGgqXZRoLimBlH2UaDFOc2JhdWJoIowPRGF5T2ZNb250aEZpZWxklJOUKYGUfZQoaCeMA2RheZRoKYhoKl2UaC4pgZR9lGgxTnNiYXViaCKMCVdlZWtGaWVsZJSTlCmBlH2UKGgnjAR3ZWVrlGgpiGgqXZRoLimBlH2UaDFOc2JhdWJoIowORGF5T2ZXZWVrRmllbGSUk5QpgZR9lChoJ4wLZGF5X29mX3dlZWuUaCmJaCpdlGgsjBZXZWVrZGF5UmFuZ2VFeHByZXNzaW9ulJOUKYGUfZQoaDFOjAVmaXJzdJRLBIwEbGFzdJRLBHViYXViaCQpgZR9lChoJ4wEaG91cpRoKYloKl2UaCyMD1JhbmdlRXhwcmVzc2lvbpSTlCmBlH2UKGgxTmhUSw9oVUsPdWJhdWJoJCmBlH2UKGgnjAZtaW51dGWUaCmJaCpdlGhbKYGUfZQoaDFOaFRLEmhVSxJ1YmF1YmgkKYGUfZQoaCeMBnNlY29uZJRoKYhoKl2UaFspgZR9lChoMU5oVEsAaFVLAHViYXViZYwGaml0dGVylE51YowIZXhlY3V0b3KUjAdkZWZhdWx0lIwEYXJnc5QpjAZrd2FyZ3OUfZRoJ2gDjBJtaXNmaXJlX2dyYWNlX3RpbWWUSwGMCGNvYWxlc2NllIiMDW1heF9pbnN0YW5jZXOUSwGMDW5leHRfcnVuX3RpbWWUjAhkYXRldGltZZSMCGRhdGV0aW1llJOUQwoH5wIYDxIAAAAAlGgdhpRSlHUu"
  }
},
{
  "model": "django_apscheduler.djangojob",
  "pk": "my_job",
  "fields": {
    "next_run_time": "2023-02-24T12:18:00",
    "job_state": "gAWVdgQAAAAAAAB9lCiMB3ZlcnNpb26USwGMAmlklIwGbXlfam9ilIwEZnVuY5SMNW5ld3N0cnVlYXBwLm1hbmFnZW1lbnQuY29tbWFuZHMucnVuYXBzY2hlZHVsZXI6bXlfam9ilIwHdHJpZ2dlcpSMGWFwc2NoZWR1bGVyLnRyaWdnZXJzLmNyb26UjAtDcm9uVHJpZ2dlcpSTlCmBlH2UKGgBSwKMCHRpbWV6b25llIwbcHl0el9kZXByZWNhdGlvbl9zaGltLl9pbXBslIwJd3JhcF96b25llJOUjAhidWlsdGluc5SMB2dldGF0dHKUk5SMEmJhY2twb3J0cy56b25laW5mb5SMCFpvbmVJbmZvlJOUjAlfdW5waWNrbGWUhpRSlIwNRXVyb3BlL01vc2Nvd5RLAYaUUpRoGYaUUpSMCnN0YXJ0X2RhdGWUTowIZW5kX2RhdGWUTowGZmllbGRzlF2UKIwgYXBzY2hlZHVsZXIudHJpZ2dlcnMuY3Jvbi5maWVsZHOUjAlCYXNlRmllbGSUk5QpgZR9lCiMBG5hbWWUjAR5ZWFylIwKaXNfZGVmYXVsdJSIjAtleHByZXNzaW9uc5RdlIwlYXBzY2hlZHVsZXIudHJpZ2dlcnMuY3Jvbi5leHByZXNzaW9uc5SMDUFsbEV4cHJlc3Npb26Uk5QpgZR9lIwEc3RlcJROc2JhdWJoIowKTW9udGhGaWVsZJSTlCmBlH2UKGgnjAVtb250aJRoKYhoKl2UaC4pgZR9lGgxTnNiYXViaCKMD0RheU9mTW9udGhGaWVsZJSTlCmBlH2UKGgnjANkYXmUaCmIaCpdlGguKYGUfZRoMU5zYmF1YmgijAlXZWVrRmllbGSUk5QpgZR9lChoJ4wEd2Vla5RoKYhoKl2UaC4pgZR9lGgxTnNiYXViaCKMDkRheU9mV2Vla0ZpZWxklJOUKYGUfZQoaCeMC2RheV9vZl93ZWVrlGgpiWgqXZRoLIwWV2Vla2RheVJhbmdlRXhwcmVzc2lvbpSTlCmBlH2UKGgxTowFZmlyc3SUSwSMBGxhc3SUSwR1YmF1YmgkKYGUfZQoaCeMBGhvdXKUaCmJaCpdlGgsjA9SYW5nZUV4cHJlc3Npb26Uk5QpgZR9lChoMU5oVEsPaFVLD3ViYXViaCQpgZR9lChoJ4wGbWludXRllGgpiWgqXZRoWymBlH2UKGgxTmhUSxJoVUsSdWJhdWJoJCmBlH2UKGgnjAZzZWNvbmSUaCmIaCpdlGhbKYGUfZQoaDFOaFRLAGhVSwB1YmF1YmWMBmppdHRlcpROdWKMCGV4ZWN1dG9ylIwHZGVmYXVsdJSMBGFyZ3OUKYwGa3dhcmdzlH2UaCdoA4wSbWlzZmlyZV9ncmFjZV90aW1llEsBjAhjb2FsZXNjZZSIjA1tYXhfaW5zdGFuY2VzlEsBjA1uZXh0X3J1bl90aW1llIwIZGF0ZXRpbWWUjAhkYXRldGltZZSTlEMKB+cCGA8SAAAAAJRoHYaUUpR1Lg=="
  }
},
{
  "model": "django_apscheduler.djangojobexecution",
  "pk": 1,
  "fields": {
    "job": "my_job",
    "status": "Executed",
    "run_time": "2023-02-15T14:30:00",
    "duration": "0.01",
    "finished": "1676471400.01",
    "exception": null,
    "traceback": null
  }
},
{
  "model": "django_apscheduler.djangojobexecution",
  "pk": 2,
  "fields": {
    "job": "my_job",
    "status": "Executed",
    "run_time": "2023-02-15T14:30:10",
    "duration": "0.05",
    "finished": "1676471410.05",
    "exception": null,
    "traceback": null
  }
},
{
  "model": "django_apscheduler.djangojobexecution",
  "pk": 3,
  "fields": {
    "job": "my_job",
    "status": "Executed",
    "run_time": "2023-02-15T14:30:20",
    "duration": "0.04",
    "finished": "1676471420.04",
    "exception": null,
    "traceback": null
  }
},
{
  "model": "django_apscheduler.djangojobexecution",
  "pk": 4,
  "fields": {
    "job": "my_job",
    "status": "Executed",
    "run_time": "2023-02-15T14:30:30",
    "duration": "0.06",
    "finished": "1676471430.06",
    "exception": null,
    "traceback": null
  }
},
{
  "model": "django_apscheduler.djangojobexecution",
  "pk": 5,
  "fields": {
    "job": "my_job",
    "status": "Executed",
    "run_time": "2023-02-15T14:30:40",
    "duration": "0.05",
    "finished": "1676471440.05",
    "exception": null,
    "traceback": null
  }
},
{
  "model": "django_apscheduler.djangojobexecution",
  "pk": 6,
  "fields": {
    "job": "my_job",
    "status": "Executed",
    "run_time": "2023-02-15T14:30:50",
    "duration": "0.05",
    "finished": "1676471450.05",
    "exception": null,
    "traceback": null
  }
},
{
  "model": "django_apscheduler.djangojobexecution",
  "pk": 7,
  "fields": {
    "job": "my_job",
    "status": "Executed",
    "run_time": "2023-02-15T14:31:00",
    "duration": "0.04",
    "finished": "1676471460.04",
    "exception": null,
    "traceback": null
  }
},
{
  "model": "django_apscheduler.djangojobexecution",
  "pk": 8,
  "fields": {
    "job": "my_job",
    "status": "Executed",
    "run_time": "2023-02-15T14:31:10",
    "duration": "0.05",
    "finished": "1676471470.05",
    "exception": null,
    "traceback": null
  }
},
{
  "model": "django_apscheduler.djangojobexecution",
  "pk": 9,
  "fields": {
    "job": "my_job",
    "status": "Executed",
    "run_time": "2023-02-15T14:31:20",
    "duration": "0.04",
    "finished": "1676471480.04",
    "exception": null,
    "traceback": null
  }
},
{
  "model": "django_apscheduler.djangojobexecution",
  "pk": 10,
  "fields": {
    "job": "my_job",
    "status": "Executed",
    "run_time": "2023-02-15T14:31:30",
    "duration": "0.05",
    "finished": "1676471490.05",
    "exception": null,
    "traceback": null
  }
},
{
  "model": "django_apscheduler.djangojobexecution",
  "pk": 11,
  "fields": {
    "job": "my_job",
    "status": "Executed",
    "run_time": "2023-02-15T14:31:40",
    "duration": "0.07",
    "finished": "1676471500.07",
    "exception": null,
    "traceback": null
  }
},
{
  "model": "django_apscheduler.djangojobexecution",
  "pk": 12,
  "fields": {
    "job": "my_job",
    "status": "Executed",
    "run_time": "2023-02-15T14:31:50",
    "duration": "0.07",
    "finished": "1676471510.07",
    "exception": null,
    "traceback": null
  }
},
{
  "model": "django_apscheduler.djangojobexecution",
  "pk": 13,
  "fields": {
    "job": "my_job",
    "status": "Executed",
    "run_time": "2023-02-15T14:32:00",
    "duration": "0.05",
    "finished": "1676471520.05",
    "exception": null,
    "traceback": null
  }
},
{
  "model": "django_apscheduler.djangojobexecution",
  "pk": 14,
  "fields": {
    "job": "my_job",
    "status": "Executed",
    "run_time": "2023-02-15T14:32:10",
    "duration": "0.04",
    "finished": "1676471530.04",
    "exception": null,
    "traceback": null
  }
},
{
  "model": "django_apscheduler.djangojobexecution",
  "pk": 15,
  "fields": {
    "job": "my_job",
    "status": "Executed",
    "run_time": "2023-02-15T14:32:20",
    "duration": "0.06",
    "finished": "1676471540.06",
    "exception": null,
    "traceback": null
  }
},
{
  "model": "django_apscheduler.djangojobexecution",
  "pk": 16,
  "fields": {
    "job": "my_job",
    "status": "Executed",
    "run_time": "2023-02-15T14:32:30",
    "duration": "0.05",
    "finished": "1676471550.05",
    "exception": null,
    "traceback": null
  }
},
{
  "model": "django_apscheduler.djangojobexecution",
  "pk": 17,
  "fields": {
    "job": "my_job",
    "status": "Executed",
    "run_time": "2023-02-15T14:32:40",
    "duration": "0.04",
    "finished": "1676471560.04",
    "exception": null,
    "traceback": null
  }
},
{
  "model": "django_apscheduler.djangojobexecution",
  "pk": 18,
  "fields": {
    "job": "my_job",
    "status": "Error!",
    "run_time": "2023-02-17T11:30:00",
    "duration": "0.07",
    "finished": "1676633400.07",
    "exception": "Cannot resolve keyword 'cathegory' into field. Choices are: author, author_id, cathegories, comment, date_post, head_post, id, postcathegory, rating_post, text_post, type_post",
    "traceback": "  File \"C:\\python\\lib\\site-packages\\apscheduler\\executors\\base.py\", line 125, in run_job\n    retval = job.func(*job.args, **job.kwargs)\n  File \"C:\\Users\\User\\Desktop\\python\\проекты_по учебе\\pythonProject\\newstrue\\newstrueapp\\management\\commands\\runapscheduler.py\", line 25, in my_job\n    cathegories = set(posts.values_list('cathegory__name', flat=True)) #берем только имя\n  File \"C:\\python\\lib\\site-packages\\django\\db\\models\\query.py\", line 1330, in values_list\n    clone = self._values(*_fields, **expressions)\n  File \"C:\\python\\lib\\site-packages\\django\\db\\models\\query.py\", line 1293, in _values\n    clone.query.set_values(fields)\n  File \"C:\\python\\lib\\site-packages\\django\\db\\models\\sql\\query.py\", line 2437, in set_values\n    self.add_fields(field_names, True)\n  File \"C:\\python\\lib\\site-packages\\django\\db\\models\\sql\\query.py\", line 2142, in add_fields\n    join_info = self.setup_joins(\n  File \"C:\\python\\lib\\site-packages\\django\\db\\models\\sql\\query.py\", line 1808, in setup_joins\n    path, final_field, targets, rest = self.names_to_path(\n  File \"C:\\python\\lib\\site-packages\\django\\db\\models\\sql\\query.py\", line 1709, in names_to_path\n    raise FieldError(\n"
  }
},
{
  "model": "django_apscheduler.djangojobexecution",
  "pk": 19,
  "fields": {
    "job": "delete_old_job_executions",
    "status": "Executed",
    "run_time": "2023-02-17T11:30:00",
    "duration": "0.05",
    "finished": "1676633400.05",
    "exception": null,
    "traceback": null
  }
},
{
  "model": "django_apscheduler.djangojobexecution",
  "pk": 20,
  "fields": {
    "job": "my_job",
    "status": "Error!",
    "run_time": "2023-02-17T11:38:00",
    "duration": "0.08",
    "finished": "1676633880.08",
    "exception": "Cannot resolve keyword 'name' into field. Choices are: cathegory_name, id, post, postcathegory, subscribers, subscriberscathegory",
    "traceback": "  File \"C:\\python\\lib\\site-packages\\apscheduler\\executors\\base.py\", line 125, in run_job\n    retval = job.func(*job.args, **job.kwargs)\n  File \"C:\\Users\\User\\Desktop\\python\\проекты_по учебе\\pythonProject\\newstrue\\newstrueapp\\management\\commands\\runapscheduler.py\", line 26, in my_job\n    subscribers = set(Cathegory.objects.filter(name__in=cathegories).values_list('subscribers__email', flat=True))\n  File \"C:\\python\\lib\\site-packages\\django\\db\\models\\manager.py\", line 85, in manager_method\n    return getattr(self.get_queryset(), name)(*args, **kwargs)\n  File \"C:\\python\\lib\\site-packages\\django\\db\\models\\query.py\", line 1421, in filter\n    return self._filter_or_exclude(False, args, kwargs)\n  File \"C:\\python\\lib\\site-packages\\django\\db\\models\\query.py\", line 1439, in _filter_or_exclude\n    clone._filter_or_exclude_inplace(negate, args, kwargs)\n  File \"C:\\python\\lib\\site-packages\\django\\db\\models\\query.py\", line 1446, in _filter_or_exclude_inplace\n    self._query.add_q(Q(*args, **kwargs))\n  File \"C:\\python\\lib\\site-packages\\django\\db\\models\\sql\\query.py\", line 1532, in add_q\n    clause, _ = self._add_q(q_object, self.used_aliases)\n  File \"C:\\python\\lib\\site-packages\\django\\db\\models\\sql\\query.py\", line 1562, in _add_q\n    child_clause, needed_inner = self.build_filter(\n  File \"C:\\python\\lib\\site-packages\\django\\db\\models\\sql\\query.py\", line 1407, in build_filter\n    lookups, parts, reffed_expression = self.solve_lookup_type(arg)\n  File \"C:\\python\\lib\\site-packages\\django\\db\\models\\sql\\query.py\", line 1217, in solve_lookup_type\n    _, field, _, lookup_parts = self.names_to_path(lookup_splitted, self.get_meta())\n  File \"C:\\python\\lib\\site-packages\\django\\db\\models\\sql\\query.py\", line 1709, in names_to_path\n    raise FieldError(\n"
  }
},
{
  "model": "django_apscheduler.djangojobexecution",
  "pk": 21,
  "fields": {
    "job": "delete_old_job_executions",
    "status": "Executed",
    "run_time": "2023-02-17T11:38:00",
    "duration": "0.06",
    "finished": "1676633880.06",
    "exception": null,
    "traceback": null
  }
},
{
  "model": "django_apscheduler.djangojobexecution",
  "pk": 22,
  "fields": {
    "job": "my_job",
    "status": "Executed",
    "run_time": "2023-02-17T11:43:00",
    "duration": "0.80",
    "finished": "1676634180.80",
    "exception": null,
    "traceback": null
  }
},
{
  "model": "django_apscheduler.djangojobexecution",
  "pk": 23,
  "fields": {
    "job": "delete_old_job_executions",
    "status": "Executed",
    "run_time": "2023-02-17T11:43:00",
    "duration": "0.07",
    "finished": "1676634180.07",
    "exception": null,
    "traceback": null
  }
},
{
  "model": "django_apscheduler.djangojobexecution",
  "pk": 24,
  "fields": {
    "job": "my_job",
    "status": "Executed",
    "run_time": "2023-02-17T12:18:00",
    "duration": "0.81",
    "finished": "1676636280.81",
    "exception": null,
    "traceback": null
  }
},
{
  "model": "django_apscheduler.djangojobexecution",
  "pk": 25,
  "fields": {
    "job": "delete_old_job_executions",
    "status": "Executed",
    "run_time": "2023-02-17T12:18:00",
    "duration": "0.08",
    "finished": "1676636280.08",
    "exception": null,
    "traceback": null
  }
},
{
  "model": "admin.logentry",
  "pk": 1,
  "fields": {
    "action_time": "2023-01-28T13:36:02.602",
    "user": [
      "admin"
    ],
    "content_type": [
      "sites",
      "site"
    ],
    "object_id": "1",
    "object_repr": "127.0.0.1",
    "action_flag": 2,
    "change_message": "[{\"changed\": {\"fields\": [\"Domain name\"]}}]"
  }
},
{
  "model": "admin.logentry",
  "pk": 2,
  "fields": {
    "action_time": "2023-01-28T13:54:16.794",
    "user": [
      "admin"
    ],
    "content_type": [
      "auth",
      "group"
    ],
    "object_id": "1",
    "object_repr": "common",
    "action_flag": 1,
    "change_message": "[{\"added\": {}}]"
  }
},
{
  "model": "admin.logentry",
  "pk": 3,
  "fields": {
    "action_time": "2023-01-28T13:54:29.096",
    "user": [
      "admin"
    ],
    "content_type": [
      "auth",
      "group"
    ],
    "object_id": "2",
    "object_repr": "authors",
    "action_flag": 1,
    "change_message": "[{\"added\": {}}]"
  }
},
{
  "model": "admin.logentry",
  "pk": 4,
  "fields": {
    "action_time": "2023-01-28T14:46:55.029",
    "user": [
      "admin"
    ],
    "content_type": [
      "auth",
      "group"
    ],
    "object_id": "2",
    "object_repr": "authors",
    "action_flag": 2,
    "change_message": "[{\"changed\": {\"fields\": [\"Permissions\"]}}]"
  }
},
{
  "model": "admin.logentry",
  "pk": 5,
  "fields": {
    "action_time": "2023-02-12T15:43:13.577",
    "user": [
      "admin"
    ],
    "content_type": [
      "auth",
      "user"
    ],
    "object_id": "10",
    "object_repr": "verika_iz_virgo",
    "action_flag": 3,
    "change_message": ""
  }
},
{
  "model": "admin.logentry",
  "pk": 6,
  "fields": {
    "action_time": "2023-02-12T15:43:20.494",
    "user": [
      "admin"
    ],
    "content_type": [
      "auth",
      "user"
    ],
    "object_id": "12",
    "object_repr": "marinaprosche",
    "action_flag": 3,
    "change_message": ""
  }
},
{
  "model": "admin.logentry",
  "pk": 7,
  "fields": {
    "action_time": "2023-02-12T15:43:26.989",
    "user": [
      "admin"
    ],
    "content_type": [
      "auth",
      "user"
    ],
    "object_id": "11",
    "object_repr": "marina.prosche",
    "action_flag": 3,
    "change_message": ""
  }
},
{
  "model": "admin.logentry",
  "pk": 8,
  "fields": {
    "action_time": "2023-02-12T16:31:46.953",
    "user": [
      "admin"
    ],
    "content_type": [
      "auth",
      "user"
    ],
    "object_id": "14",
    "object_repr": "marina.prosche",
    "action_flag": 3,
    "change_message": ""
  }
},
{
  "model": "admin.logentry",
  "pk": 9,
  "fields": {
    "action_time": "2023-02-12T16:31:46.964",
    "user": [
      "admin"
    ],
    "content_type": [
      "auth",
      "user"
    ],
    "object_id": "15",
    "object_repr": "marinaprosche",
    "action_flag": 3,
    "change_message": ""
  }
},
{
  "model": "admin.logentry",
  "pk": 10,
  "fields": {
    "action_time": "2023-02-12T16:31:46.972",
    "user": [
      "admin"
    ],
    "content_type": [
      "auth",
      "user"
    ],
    "object_id": "13",
    "object_repr": "verika_iz_virgo",
    "action_flag": 3,
    "change_message": ""
  }
},
{
  "model": "admin.logentry",
  "pk": 11,
  "fields": {
    "action_time": "2023-02-12T17:58:23.060",
    "user": [
      "admin"
    ],
    "content_type": [
      "auth",
      "user"
    ],
    "object_id": "17",
    "object_repr": "marina.prosche",
    "action_flag": 3,
    "change_message": ""
  }
},
{
  "model": "admin.logentry",
  "pk": 12,
  "fields": {
    "action_time": "2023-02-12T17:58:23.079",
    "user": [
      "admin"
    ],
    "content_type": [
      "auth",
      "user"
    ],
    "object_id": "18",
    "object_repr": "marinaprosche",
    "action_flag": 3,
    "change_message": ""
  }
},
{
  "model": "admin.logentry",
  "pk": 13,
  "fields": {
    "action_time": "2023-02-12T17:58:23.089",
    "user": [
      "admin"
    ],
    "content_type": [
      "auth",
      "user"
    ],
    "object_id": "16",
    "object_repr": "verika_iz_virgo",
    "action_flag": 3,
    "change_message": ""
  }
},
{
  "model": "admin.logentry",
  "pk": 14,
  "fields": {
    "action_time": "2023-02-12T18:21:08.572",
    "user": [
      "admin"
    ],
    "content_type": [
      "auth",
      "user"
    ],
    "object_id": "20",
    "object_repr": "marina.prosche",
    "action_flag": 3,
    "change_message": ""
  }
},
{
  "model": "admin.logentry",
  "pk": 15,
  "fields": {
    "action_time": "2023-02-12T18:21:08.580",
    "user": [
      "admin"
    ],
    "content_type": [
      "auth",
      "user"
    ],
    "object_id": "19",
    "object_repr": "verika_iz_virgo",
    "action_flag": 3,
    "change_message": ""
  }
},
{
  "model": "admin.logentry",
  "pk": 16,
  "fields": {
    "action_time": "2023-02-14T12:50:39.746",
    "user": [
      "admin"
    ],
    "content_type": [
      "auth",
      "user"
    ],
    "object_id": "7",
    "object_repr": "admin",
    "action_flag": 2,
    "change_message": "[{\"changed\": {\"fields\": [\"Email address\", \"Last login\"]}}]"
  }
},
{
  "model": "admin.logentry",
  "pk": 17,
  "fields": {
    "action_time": "2023-02-15T16:56:34.640",
    "user": [
      "admin"
    ],
    "content_type": [
      "newstrueapp",
      "subscriberscathegory"
    ],
    "object_id": "1",
    "object_repr": "SubscribersCathegory object (1)",
    "action_flag": 3,
    "change_message": ""
  }
},
{
  "model": "admin.logentry",
  "pk": 18,
  "fields": {
    "action_time": "2023-02-16T15:30:51.103",
    "user": [
      "admin"
    ],
    "content_type": [
      "newstrueapp",
      "post"
    ],
    "object_id": "119",
    "object_repr": "fjkvhbkfjv, 2023-02-16 15:30:51.097729+00:00, afvkjahdcbkasjdhbcla",
    "action_flag": 1,
    "change_message": "[{\"added\": {}}]"
  }
},
{
  "model": "admin.logentry",
  "pk": 19,
  "fields": {
    "action_time": "2023-02-16T15:52:27.549",
    "user": [
      "admin"
    ],
    "content_type": [
      "newstrueapp",
      "author"
    ],
    "object_id": "3",
    "object_repr": "admin",
    "action_flag": 1,
    "change_message": "[{\"added\": {}}]"
  }
}
]
